state,date,positive
AK,2020-03-06,0.0
AK,2020-03-07,0.0
AK,2020-03-08,0.0
AK,2020-03-09,0.0
AK,2020-03-10,0.0
AK,2020-03-11,0.0
AK,2020-03-12,0.0
AK,2020-03-13,1.0
AK,2020-03-14,1.0
AK,2020-03-15,1.0
AK,2020-03-16,1.0
AK,2020-03-17,3.0
AK,2020-03-18,6.0
AK,2020-03-19,6.0
AK,2020-03-20,12.0
AK,2020-03-21,14.0
AK,2020-03-22,22.0
AK,2020-03-23,22.0
AK,2020-03-24,36.0
AK,2020-03-25,42.0
AK,2020-03-26,59.0
AK,2020-03-27,69.0
AK,2020-03-28,85.0
AK,2020-03-29,102.0
AK,2020-03-30,114.0
AK,2020-03-31,119.0
AK,2020-04-01,133.0
AK,2020-04-02,143.0
AK,2020-04-03,157.0
AK,2020-04-04,171.0
AK,2020-04-05,185.0
AK,2020-04-06,191.0
AK,2020-04-07,213.0
AK,2020-04-08,226.0
AK,2020-04-09,235.0
AK,2020-04-10,246.0
AK,2020-04-11,257.0
AK,2020-04-12,272.0
AK,2020-04-13,277.0
AK,2020-04-14,285.0
AK,2020-04-15,293.0
AK,2020-04-16,300.0
AK,2020-04-17,309.0
AK,2020-04-18,314.0
AK,2020-04-19,319.0
AK,2020-04-20,321.0
AK,2020-04-21,329.0
AK,2020-04-22,335.0
AK,2020-04-23,337.0
AK,2020-04-24,339.0
AK,2020-04-25,339.0
AK,2020-04-26,341.0
AK,2020-04-27,345.0
AK,2020-04-28,351.0
AL,2020-03-07,0.0
AL,2020-03-08,0.0
AL,2020-03-09,0.0
AL,2020-03-10,0.0
AL,2020-03-11,0.0
AL,2020-03-12,0.0
AL,2020-03-13,1.0
AL,2020-03-14,6.0
AL,2020-03-15,12.0
AL,2020-03-16,28.0
AL,2020-03-17,36.0
AL,2020-03-18,46.0
AL,2020-03-19,68.0
AL,2020-03-20,81.0
AL,2020-03-21,124.0
AL,2020-03-22,138.0
AL,2020-03-23,167.0
AL,2020-03-24,215.0
AL,2020-03-25,283.0
AL,2020-03-26,506.0
AL,2020-03-27,587.0
AL,2020-03-28,696.0
AL,2020-03-29,806.0
AL,2020-03-30,859.0
AL,2020-03-31,981.0
AL,2020-04-01,1077.0
AL,2020-04-02,1233.0
AL,2020-04-03,1432.0
AL,2020-04-04,1580.0
AL,2020-04-05,1796.0
AL,2020-04-06,1968.0
AL,2020-04-07,2119.0
AL,2020-04-08,2369.0
AL,2020-04-09,2769.0
AL,2020-04-10,2968.0
AL,2020-04-11,3191.0
AL,2020-04-12,3525.0
AL,2020-04-13,3734.0
AL,2020-04-14,3876.0
AL,2020-04-15,4113.0
AL,2020-04-16,4345.0
AL,2020-04-17,4530.0
AL,2020-04-18,4655.0
AL,2020-04-19,4837.0
AL,2020-04-20,5025.0
AL,2020-04-21,5231.0
AL,2020-04-22,5465.0
AL,2020-04-23,5778.0
AL,2020-04-24,5832.0
AL,2020-04-25,6137.0
AL,2020-04-26,6270.0
AL,2020-04-27,6499.0
AL,2020-04-28,6687.0
AR,2020-03-06,0.0
AR,2020-03-07,0.0
AR,2020-03-08,0.0
AR,2020-03-09,0.0
AR,2020-03-10,0.0
AR,2020-03-11,0.0
AR,2020-03-12,6.0
AR,2020-03-13,9.0
AR,2020-03-14,12.0
AR,2020-03-15,16.0
AR,2020-03-16,22.0
AR,2020-03-17,22.0
AR,2020-03-18,33.0
AR,2020-03-19,46.0
AR,2020-03-20,96.0
AR,2020-03-21,118.0
AR,2020-03-22,165.0
AR,2020-03-23,174.0
AR,2020-03-24,218.0
AR,2020-03-25,280.0
AR,2020-03-26,335.0
AR,2020-03-27,381.0
AR,2020-03-28,404.0
AR,2020-03-29,426.0
AR,2020-03-30,473.0
AR,2020-03-31,523.0
AR,2020-04-01,584.0
AR,2020-04-02,643.0
AR,2020-04-03,704.0
AR,2020-04-04,743.0
AR,2020-04-05,830.0
AR,2020-04-06,875.0
AR,2020-04-07,946.0
AR,2020-04-08,1000.0
AR,2020-04-09,1119.0
AR,2020-04-10,1171.0
AR,2020-04-11,1226.0
AR,2020-04-12,1280.0
AR,2020-04-13,1410.0
AR,2020-04-14,1480.0
AR,2020-04-15,1569.0
AR,2020-04-16,1620.0
AR,2020-04-17,1695.0
AR,2020-04-18,1739.0
AR,2020-04-19,1781.0
AR,2020-04-20,1923.0
AR,2020-04-21,2227.0
AR,2020-04-22,2276.0
AR,2020-04-23,2465.0
AR,2020-04-24,2741.0
AR,2020-04-25,2829.0
AR,2020-04-26,2941.0
AR,2020-04-27,3017.0
AR,2020-04-28,3111.0
AS,2020-03-16,
AS,2020-03-17,
AS,2020-03-18,
AS,2020-03-19,
AS,2020-03-20,
AS,2020-03-21,
AS,2020-03-22,
AS,2020-03-23,
AS,2020-03-24,
AS,2020-03-25,
AS,2020-03-26,
AS,2020-03-27,
AS,2020-03-28,
AS,2020-03-29,
AS,2020-03-30,
AS,2020-03-31,0.0
AS,2020-04-01,0.0
AS,2020-04-02,0.0
AS,2020-04-03,0.0
AS,2020-04-04,0.0
AS,2020-04-05,0.0
AS,2020-04-06,0.0
AS,2020-04-07,0.0
AS,2020-04-08,0.0
AS,2020-04-09,0.0
AS,2020-04-10,0.0
AS,2020-04-11,0.0
AS,2020-04-12,0.0
AS,2020-04-13,0.0
AS,2020-04-14,0.0
AS,2020-04-15,0.0
AS,2020-04-16,0.0
AS,2020-04-17,0.0
AS,2020-04-18,0.0
AS,2020-04-19,0.0
AS,2020-04-20,0.0
AS,2020-04-21,0.0
AS,2020-04-22,0.0
AS,2020-04-23,0.0
AS,2020-04-24,0.0
AS,2020-04-25,0.0
AS,2020-04-26,0.0
AS,2020-04-27,0.0
AS,2020-04-28,0.0
AZ,2020-03-04,2.0
AZ,2020-03-05,2.0
AZ,2020-03-06,3.0
AZ,2020-03-07,5.0
AZ,2020-03-08,5.0
AZ,2020-03-09,5.0
AZ,2020-03-10,6.0
AZ,2020-03-11,9.0
AZ,2020-03-12,9.0
AZ,2020-03-13,9.0
AZ,2020-03-14,12.0
AZ,2020-03-15,12.0
AZ,2020-03-16,18.0
AZ,2020-03-17,20.0
AZ,2020-03-18,28.0
AZ,2020-03-19,44.0
AZ,2020-03-20,65.0
AZ,2020-03-21,104.0
AZ,2020-03-22,152.0
AZ,2020-03-23,265.0
AZ,2020-03-24,357.0
AZ,2020-03-25,450.0
AZ,2020-03-26,577.0
AZ,2020-03-27,736.0
AZ,2020-03-28,873.0
AZ,2020-03-29,919.0
AZ,2020-03-30,1157.0
AZ,2020-03-31,1289.0
AZ,2020-04-01,1413.0
AZ,2020-04-02,1598.0
AZ,2020-04-03,1769.0
AZ,2020-04-04,2019.0
AZ,2020-04-05,2269.0
AZ,2020-04-06,2456.0
AZ,2020-04-07,2575.0
AZ,2020-04-08,2726.0
AZ,2020-04-09,3018.0
AZ,2020-04-10,3112.0
AZ,2020-04-11,3393.0
AZ,2020-04-12,3539.0
AZ,2020-04-13,3702.0
AZ,2020-04-14,3806.0
AZ,2020-04-15,3962.0
AZ,2020-04-16,4234.0
AZ,2020-04-17,4507.0
AZ,2020-04-18,4719.0
AZ,2020-04-19,4929.0
AZ,2020-04-20,5064.0
AZ,2020-04-21,5251.0
AZ,2020-04-22,5459.0
AZ,2020-04-23,5769.0
AZ,2020-04-24,6045.0
AZ,2020-04-25,6280.0
AZ,2020-04-26,6526.0
AZ,2020-04-27,6716.0
AZ,2020-04-28,6948.0
CA,2020-03-04,53.0
CA,2020-03-05,53.0
CA,2020-03-06,60.0
CA,2020-03-07,69.0
CA,2020-03-08,88.0
CA,2020-03-09,114.0
CA,2020-03-10,133.0
CA,2020-03-11,157.0
CA,2020-03-12,202.0
CA,2020-03-13,202.0
CA,2020-03-14,252.0
CA,2020-03-15,293.0
CA,2020-03-16,335.0
CA,2020-03-17,483.0
CA,2020-03-18,611.0
CA,2020-03-19,924.0
CA,2020-03-20,1063.0
CA,2020-03-21,1279.0
CA,2020-03-22,1536.0
CA,2020-03-23,1733.0
CA,2020-03-24,2102.0
CA,2020-03-25,2355.0
CA,2020-03-26,3006.0
CA,2020-03-27,3879.0
CA,2020-03-28,4643.0
CA,2020-03-29,5708.0
CA,2020-03-30,6447.0
CA,2020-03-31,7482.0
CA,2020-04-01,8155.0
CA,2020-04-02,9191.0
CA,2020-04-03,10701.0
CA,2020-04-04,12026.0
CA,2020-04-05,13438.0
CA,2020-04-06,14336.0
CA,2020-04-07,15865.0
CA,2020-04-08,16957.0
CA,2020-04-09,18309.0
CA,2020-04-10,19472.0
CA,2020-04-11,19472.0
CA,2020-04-12,21794.0
CA,2020-04-13,22348.0
CA,2020-04-14,23338.0
CA,2020-04-15,24424.0
CA,2020-04-16,26182.0
CA,2020-04-17,27528.0
CA,2020-04-18,28963.0
CA,2020-04-19,30333.0
CA,2020-04-20,30978.0
CA,2020-04-21,33261.0
CA,2020-04-22,35396.0
CA,2020-04-23,37369.0
CA,2020-04-24,39254.0
CA,2020-04-25,41137.0
CA,2020-04-26,42164.0
CA,2020-04-27,43464.0
CA,2020-04-28,45031.0
CO,2020-03-05,0.0
CO,2020-03-06,2.0
CO,2020-03-07,8.0
CO,2020-03-08,8.0
CO,2020-03-09,9.0
CO,2020-03-10,12.0
CO,2020-03-11,28.0
CO,2020-03-12,45.0
CO,2020-03-13,72.0
CO,2020-03-14,101.0
CO,2020-03-15,131.0
CO,2020-03-16,131.0
CO,2020-03-17,160.0
CO,2020-03-18,183.0
CO,2020-03-19,216.0
CO,2020-03-20,277.0
CO,2020-03-21,363.0
CO,2020-03-22,475.0
CO,2020-03-23,591.0
CO,2020-03-24,720.0
CO,2020-03-25,912.0
CO,2020-03-26,1086.0
CO,2020-03-27,1430.0
CO,2020-03-28,1734.0
CO,2020-03-29,2061.0
CO,2020-03-30,2627.0
CO,2020-03-31,2627.0
CO,2020-04-01,2966.0
CO,2020-04-02,3342.0
CO,2020-04-03,3728.0
CO,2020-04-04,4173.0
CO,2020-04-05,4565.0
CO,2020-04-06,4950.0
CO,2020-04-07,5172.0
CO,2020-04-08,5429.0
CO,2020-04-09,5655.0
CO,2020-04-10,6510.0
CO,2020-04-11,6510.0
CO,2020-04-12,6893.0
CO,2020-04-13,7684.0
CO,2020-04-14,7691.0
CO,2020-04-15,7941.0
CO,2020-04-16,8280.0
CO,2020-04-17,8675.0
CO,2020-04-18,9047.0
CO,2020-04-19,9433.0
CO,2020-04-20,9730.0
CO,2020-04-21,10106.0
CO,2020-04-22,10447.0
CO,2020-04-23,10878.0
CO,2020-04-24,11262.0
CO,2020-04-25,12256.0
CO,2020-04-26,12968.0
CO,2020-04-27,13441.0
CO,2020-04-28,13879.0
CT,2020-03-07,0.0
CT,2020-03-08,1.0
CT,2020-03-09,1.0
CT,2020-03-10,2.0
CT,2020-03-11,3.0
CT,2020-03-12,6.0
CT,2020-03-13,6.0
CT,2020-03-14,11.0
CT,2020-03-15,20.0
CT,2020-03-16,26.0
CT,2020-03-17,41.0
CT,2020-03-18,68.0
CT,2020-03-19,96.0
CT,2020-03-20,194.0
CT,2020-03-21,194.0
CT,2020-03-22,223.0
CT,2020-03-23,415.0
CT,2020-03-24,618.0
CT,2020-03-25,875.0
CT,2020-03-26,1012.0
CT,2020-03-27,1291.0
CT,2020-03-28,1291.0
CT,2020-03-29,1993.0
CT,2020-03-30,2571.0
CT,2020-03-31,3128.0
CT,2020-04-01,3557.0
CT,2020-04-02,3824.0
CT,2020-04-03,4914.0
CT,2020-04-04,5276.0
CT,2020-04-05,5675.0
CT,2020-04-06,6906.0
CT,2020-04-07,7781.0
CT,2020-04-08,7781.0
CT,2020-04-09,9784.0
CT,2020-04-10,10538.0
CT,2020-04-11,11510.0
CT,2020-04-12,12035.0
CT,2020-04-13,13381.0
CT,2020-04-14,13989.0
CT,2020-04-15,14755.0
CT,2020-04-16,15884.0
CT,2020-04-17,16809.0
CT,2020-04-18,16809.0
CT,2020-04-19,17550.0
CT,2020-04-20,19815.0
CT,2020-04-21,20360.0
CT,2020-04-22,22469.0
CT,2020-04-23,23100.0
CT,2020-04-24,23921.0
CT,2020-04-25,24582.0
CT,2020-04-26,25269.0
CT,2020-04-27,25269.0
CT,2020-04-28,26312.0
DC,2020-03-05,0.0
DC,2020-03-06,0.0
DC,2020-03-07,0.0
DC,2020-03-08,1.0
DC,2020-03-09,1.0
DC,2020-03-10,5.0
DC,2020-03-11,5.0
DC,2020-03-12,10.0
DC,2020-03-13,10.0
DC,2020-03-14,10.0
DC,2020-03-15,16.0
DC,2020-03-16,17.0
DC,2020-03-17,22.0
DC,2020-03-18,31.0
DC,2020-03-19,39.0
DC,2020-03-20,71.0
DC,2020-03-21,77.0
DC,2020-03-22,98.0
DC,2020-03-23,116.0
DC,2020-03-24,137.0
DC,2020-03-25,183.0
DC,2020-03-26,231.0
DC,2020-03-27,267.0
DC,2020-03-28,304.0
DC,2020-03-29,342.0
DC,2020-03-30,401.0
DC,2020-03-31,495.0
DC,2020-04-01,586.0
DC,2020-04-02,653.0
DC,2020-04-03,757.0
DC,2020-04-04,902.0
DC,2020-04-05,998.0
DC,2020-04-06,1097.0
DC,2020-04-07,1211.0
DC,2020-04-08,1440.0
DC,2020-04-09,1523.0
DC,2020-04-10,1660.0
DC,2020-04-11,1778.0
DC,2020-04-12,1875.0
DC,2020-04-13,1955.0
DC,2020-04-14,2058.0
DC,2020-04-15,2197.0
DC,2020-04-16,2350.0
DC,2020-04-17,2476.0
DC,2020-04-18,2666.0
DC,2020-04-19,2793.0
DC,2020-04-20,2927.0
DC,2020-04-21,3098.0
DC,2020-04-22,3206.0
DC,2020-04-23,3361.0
DC,2020-04-24,3528.0
DC,2020-04-25,3699.0
DC,2020-04-26,3841.0
DC,2020-04-27,3892.0
DC,2020-04-28,3994.0
DE,2020-03-06,0.0
DE,2020-03-07,0.0
DE,2020-03-08,0.0
DE,2020-03-09,0.0
DE,2020-03-10,0.0
DE,2020-03-11,1.0
DE,2020-03-12,4.0
DE,2020-03-13,4.0
DE,2020-03-14,6.0
DE,2020-03-15,6.0
DE,2020-03-16,8.0
DE,2020-03-17,16.0
DE,2020-03-18,25.0
DE,2020-03-19,30.0
DE,2020-03-20,38.0
DE,2020-03-21,45.0
DE,2020-03-22,56.0
DE,2020-03-23,68.0
DE,2020-03-24,91.0
DE,2020-03-25,115.0
DE,2020-03-26,130.0
DE,2020-03-27,163.0
DE,2020-03-28,214.0
DE,2020-03-29,232.0
DE,2020-03-30,264.0
DE,2020-03-31,319.0
DE,2020-04-01,368.0
DE,2020-04-02,393.0
DE,2020-04-03,450.0
DE,2020-04-04,593.0
DE,2020-04-05,673.0
DE,2020-04-06,673.0
DE,2020-04-07,928.0
DE,2020-04-08,928.0
DE,2020-04-09,1207.0
DE,2020-04-10,1326.0
DE,2020-04-11,1479.0
DE,2020-04-12,1479.0
DE,2020-04-13,1625.0
DE,2020-04-14,1761.0
DE,2020-04-15,2014.0
DE,2020-04-16,2075.0
DE,2020-04-17,2323.0
DE,2020-04-18,2323.0
DE,2020-04-19,2538.0
DE,2020-04-20,2745.0
DE,2020-04-21,2931.0
DE,2020-04-22,3200.0
DE,2020-04-23,3308.0
DE,2020-04-24,3442.0
DE,2020-04-25,3576.0
DE,2020-04-26,4034.0
DE,2020-04-27,4162.0
DE,2020-04-28,4575.0
FL,2020-03-04,2.0
FL,2020-03-05,9.0
FL,2020-03-06,9.0
FL,2020-03-07,14.0
FL,2020-03-08,17.0
FL,2020-03-09,18.0
FL,2020-03-10,19.0
FL,2020-03-11,28.0
FL,2020-03-12,32.0
FL,2020-03-13,50.0
FL,2020-03-14,77.0
FL,2020-03-15,116.0
FL,2020-03-16,141.0
FL,2020-03-17,186.0
FL,2020-03-18,314.0
FL,2020-03-19,390.0
FL,2020-03-20,520.0
FL,2020-03-21,658.0
FL,2020-03-22,830.0
FL,2020-03-23,1171.0
FL,2020-03-24,1412.0
FL,2020-03-25,1682.0
FL,2020-03-26,2355.0
FL,2020-03-27,2765.0
FL,2020-03-28,3763.0
FL,2020-03-29,4246.0
FL,2020-03-30,5473.0
FL,2020-03-31,6338.0
FL,2020-04-01,6955.0
FL,2020-04-02,8010.0
FL,2020-04-03,9585.0
FL,2020-04-04,11111.0
FL,2020-04-05,12151.0
FL,2020-04-06,13324.0
FL,2020-04-07,14747.0
FL,2020-04-08,15455.0
FL,2020-04-09,16364.0
FL,2020-04-10,17531.0
FL,2020-04-11,18494.0
FL,2020-04-12,19355.0
FL,2020-04-13,20601.0
FL,2020-04-14,21367.0
FL,2020-04-15,22511.0
FL,2020-04-16,22897.0
FL,2020-04-17,24119.0
FL,2020-04-18,25269.0
FL,2020-04-19,25996.0
FL,2020-04-20,26660.0
FL,2020-04-21,27495.0
FL,2020-04-22,28309.0
FL,2020-04-23,28832.0
FL,2020-04-24,30174.0
FL,2020-04-25,30839.0
FL,2020-04-26,31528.0
FL,2020-04-27,32138.0
FL,2020-04-28,32846.0
GA,2020-03-04,2.0
GA,2020-03-05,2.0
GA,2020-03-06,2.0
GA,2020-03-07,6.0
GA,2020-03-08,7.0
GA,2020-03-09,12.0
GA,2020-03-10,17.0
GA,2020-03-11,22.0
GA,2020-03-12,31.0
GA,2020-03-13,42.0
GA,2020-03-14,66.0
GA,2020-03-15,99.0
GA,2020-03-16,121.0
GA,2020-03-17,146.0
GA,2020-03-18,197.0
GA,2020-03-19,287.0
GA,2020-03-20,420.0
GA,2020-03-21,507.0
GA,2020-03-22,600.0
GA,2020-03-23,772.0
GA,2020-03-24,1026.0
GA,2020-03-25,1247.0
GA,2020-03-26,1525.0
GA,2020-03-27,2001.0
GA,2020-03-28,2366.0
GA,2020-03-29,2651.0
GA,2020-03-30,2809.0
GA,2020-03-31,3929.0
GA,2020-04-01,4638.0
GA,2020-04-02,5348.0
GA,2020-04-03,5831.0
GA,2020-04-04,6160.0
GA,2020-04-05,6647.0
GA,2020-04-06,7314.0
GA,2020-04-07,8818.0
GA,2020-04-08,9901.0
GA,2020-04-09,10566.0
GA,2020-04-10,11483.0
GA,2020-04-11,12159.0
GA,2020-04-12,12452.0
GA,2020-04-13,13315.0
GA,2020-04-14,14223.0
GA,2020-04-15,14987.0
GA,2020-04-16,15669.0
GA,2020-04-17,17194.0
GA,2020-04-18,17669.0
GA,2020-04-19,18301.0
GA,2020-04-20,18947.0
GA,2020-04-21,19881.0
GA,2020-04-22,20740.0
GA,2020-04-23,21512.0
GA,2020-04-24,22147.0
GA,2020-04-25,22695.0
GA,2020-04-26,23401.0
GA,2020-04-27,23913.0
GA,2020-04-28,24615.0
GU,2020-03-16,3.0
GU,2020-03-17,5.0
GU,2020-03-18,8.0
GU,2020-03-19,12.0
GU,2020-03-20,14.0
GU,2020-03-21,15.0
GU,2020-03-22,27.0
GU,2020-03-23,29.0
GU,2020-03-24,32.0
GU,2020-03-25,37.0
GU,2020-03-26,45.0
GU,2020-03-27,51.0
GU,2020-03-28,55.0
GU,2020-03-29,56.0
GU,2020-03-30,58.0
GU,2020-03-31,69.0
GU,2020-04-01,77.0
GU,2020-04-02,82.0
GU,2020-04-03,84.0
GU,2020-04-04,93.0
GU,2020-04-05,112.0
GU,2020-04-06,113.0
GU,2020-04-07,121.0
GU,2020-04-08,125.0
GU,2020-04-09,128.0
GU,2020-04-10,130.0
GU,2020-04-11,133.0
GU,2020-04-12,133.0
GU,2020-04-13,133.0
GU,2020-04-14,133.0
GU,2020-04-15,133.0
GU,2020-04-16,133.0
GU,2020-04-17,133.0
GU,2020-04-18,133.0
GU,2020-04-19,133.0
GU,2020-04-20,133.0
GU,2020-04-21,133.0
GU,2020-04-22,134.0
GU,2020-04-23,135.0
GU,2020-04-24,141.0
GU,2020-04-25,141.0
GU,2020-04-26,141.0
GU,2020-04-27,144.0
GU,2020-04-28,145.0
HI,2020-03-07,1.0
HI,2020-03-08,1.0
HI,2020-03-09,2.0
HI,2020-03-10,2.0
HI,2020-03-11,2.0
HI,2020-03-12,2.0
HI,2020-03-13,2.0
HI,2020-03-14,2.0
HI,2020-03-15,2.0
HI,2020-03-16,7.0
HI,2020-03-17,10.0
HI,2020-03-18,14.0
HI,2020-03-19,16.0
HI,2020-03-20,26.0
HI,2020-03-21,37.0
HI,2020-03-22,48.0
HI,2020-03-23,56.0
HI,2020-03-24,77.0
HI,2020-03-25,90.0
HI,2020-03-26,95.0
HI,2020-03-27,106.0
HI,2020-03-28,120.0
HI,2020-03-29,151.0
HI,2020-03-30,175.0
HI,2020-03-31,204.0
HI,2020-04-01,208.0
HI,2020-04-02,258.0
HI,2020-04-03,285.0
HI,2020-04-04,319.0
HI,2020-04-05,351.0
HI,2020-04-06,371.0
HI,2020-04-07,387.0
HI,2020-04-08,410.0
HI,2020-04-09,435.0
HI,2020-04-10,442.0
HI,2020-04-11,465.0
HI,2020-04-12,486.0
HI,2020-04-13,499.0
HI,2020-04-14,504.0
HI,2020-04-15,517.0
HI,2020-04-16,530.0
HI,2020-04-17,541.0
HI,2020-04-18,553.0
HI,2020-04-19,574.0
HI,2020-04-20,580.0
HI,2020-04-21,584.0
HI,2020-04-22,582.0
HI,2020-04-23,592.0
HI,2020-04-24,596.0
HI,2020-04-25,601.0
HI,2020-04-26,603.0
HI,2020-04-27,606.0
HI,2020-04-28,607.0
IA,2020-03-06,0.0
IA,2020-03-07,0.0
IA,2020-03-08,0.0
IA,2020-03-09,3.0
IA,2020-03-10,8.0
IA,2020-03-11,13.0
IA,2020-03-12,14.0
IA,2020-03-13,16.0
IA,2020-03-14,17.0
IA,2020-03-15,18.0
IA,2020-03-16,22.0
IA,2020-03-17,23.0
IA,2020-03-18,29.0
IA,2020-03-19,38.0
IA,2020-03-20,45.0
IA,2020-03-21,68.0
IA,2020-03-22,90.0
IA,2020-03-23,105.0
IA,2020-03-24,124.0
IA,2020-03-25,145.0
IA,2020-03-26,179.0
IA,2020-03-27,235.0
IA,2020-03-28,298.0
IA,2020-03-29,336.0
IA,2020-03-30,424.0
IA,2020-03-31,497.0
IA,2020-04-01,549.0
IA,2020-04-02,614.0
IA,2020-04-03,699.0
IA,2020-04-04,786.0
IA,2020-04-05,868.0
IA,2020-04-06,946.0
IA,2020-04-07,1048.0
IA,2020-04-08,1145.0
IA,2020-04-09,1270.0
IA,2020-04-10,1388.0
IA,2020-04-11,1510.0
IA,2020-04-12,1587.0
IA,2020-04-13,1710.0
IA,2020-04-14,1899.0
IA,2020-04-15,1995.0
IA,2020-04-16,2141.0
IA,2020-04-17,2332.0
IA,2020-04-18,2513.0
IA,2020-04-19,2902.0
IA,2020-04-20,3159.0
IA,2020-04-21,3641.0
IA,2020-04-22,3748.0
IA,2020-04-23,3924.0
IA,2020-04-24,4445.0
IA,2020-04-25,5092.0
IA,2020-04-26,5476.0
IA,2020-04-27,5868.0
IA,2020-04-28,6376.0
ID,2020-03-07,0.0
ID,2020-03-08,0.0
ID,2020-03-09,0.0
ID,2020-03-10,0.0
ID,2020-03-11,0.0
ID,2020-03-12,0.0
ID,2020-03-13,0.0
ID,2020-03-14,2.0
ID,2020-03-15,5.0
ID,2020-03-16,5.0
ID,2020-03-17,7.0
ID,2020-03-18,9.0
ID,2020-03-19,11.0
ID,2020-03-20,23.0
ID,2020-03-21,31.0
ID,2020-03-22,42.0
ID,2020-03-23,47.0
ID,2020-03-24,50.0
ID,2020-03-25,73.0
ID,2020-03-26,123.0
ID,2020-03-27,189.0
ID,2020-03-28,230.0
ID,2020-03-29,261.0
ID,2020-03-30,310.0
ID,2020-03-31,415.0
ID,2020-04-01,525.0
ID,2020-04-02,669.0
ID,2020-04-03,891.0
ID,2020-04-04,1013.0
ID,2020-04-05,1077.0
ID,2020-04-06,1101.0
ID,2020-04-07,1170.0
ID,2020-04-08,1210.0
ID,2020-04-09,1232.0
ID,2020-04-10,1353.0
ID,2020-04-11,1396.0
ID,2020-04-12,1407.0
ID,2020-04-13,1426.0
ID,2020-04-14,1453.0
ID,2020-04-15,1464.0
ID,2020-04-16,1587.0
ID,2020-04-17,1609.0
ID,2020-04-18,1655.0
ID,2020-04-19,1668.0
ID,2020-04-20,1672.0
ID,2020-04-21,1736.0
ID,2020-04-22,1766.0
ID,2020-04-23,1802.0
ID,2020-04-24,1836.0
ID,2020-04-25,1870.0
ID,2020-04-26,1887.0
ID,2020-04-27,1897.0
ID,2020-04-28,1917.0
IL,2020-03-04,4.0
IL,2020-03-05,5.0
IL,2020-03-06,5.0
IL,2020-03-07,6.0
IL,2020-03-08,6.0
IL,2020-03-09,7.0
IL,2020-03-10,19.0
IL,2020-03-11,19.0
IL,2020-03-12,25.0
IL,2020-03-13,32.0
IL,2020-03-14,46.0
IL,2020-03-15,64.0
IL,2020-03-16,93.0
IL,2020-03-17,159.0
IL,2020-03-18,288.0
IL,2020-03-19,422.0
IL,2020-03-20,585.0
IL,2020-03-21,753.0
IL,2020-03-22,1049.0
IL,2020-03-23,1273.0
IL,2020-03-24,1535.0
IL,2020-03-25,1865.0
IL,2020-03-26,2538.0
IL,2020-03-27,3026.0
IL,2020-03-28,3491.0
IL,2020-03-29,4596.0
IL,2020-03-30,5057.0
IL,2020-03-31,5994.0
IL,2020-04-01,6980.0
IL,2020-04-02,7695.0
IL,2020-04-03,8904.0
IL,2020-04-04,10357.0
IL,2020-04-05,11256.0
IL,2020-04-06,12262.0
IL,2020-04-07,13549.0
IL,2020-04-08,15078.0
IL,2020-04-09,16422.0
IL,2020-04-10,17887.0
IL,2020-04-11,19180.0
IL,2020-04-12,20852.0
IL,2020-04-13,22025.0
IL,2020-04-14,23247.0
IL,2020-04-15,24593.0
IL,2020-04-16,25733.0
IL,2020-04-17,27575.0
IL,2020-04-18,29160.0
IL,2020-04-19,30357.0
IL,2020-04-20,31508.0
IL,2020-04-21,33059.0
IL,2020-04-22,35108.0
IL,2020-04-23,36934.0
IL,2020-04-24,39658.0
IL,2020-04-25,41777.0
IL,2020-04-26,43903.0
IL,2020-04-27,45883.0
IL,2020-04-28,48102.0
IN,2020-03-06,1.0
IN,2020-03-07,1.0
IN,2020-03-08,2.0
IN,2020-03-09,2.0
IN,2020-03-10,6.0
IN,2020-03-11,10.0
IN,2020-03-12,12.0
IN,2020-03-13,12.0
IN,2020-03-14,15.0
IN,2020-03-15,19.0
IN,2020-03-16,24.0
IN,2020-03-17,30.0
IN,2020-03-18,39.0
IN,2020-03-19,56.0
IN,2020-03-20,79.0
IN,2020-03-21,126.0
IN,2020-03-22,201.0
IN,2020-03-23,259.0
IN,2020-03-24,365.0
IN,2020-03-25,477.0
IN,2020-03-26,645.0
IN,2020-03-27,981.0
IN,2020-03-28,1232.0
IN,2020-03-29,1514.0
IN,2020-03-30,1786.0
IN,2020-03-31,2159.0
IN,2020-04-01,2565.0
IN,2020-04-02,3039.0
IN,2020-04-03,3437.0
IN,2020-04-04,3953.0
IN,2020-04-05,4411.0
IN,2020-04-06,4944.0
IN,2020-04-07,5507.0
IN,2020-04-08,5943.0
IN,2020-04-09,6351.0
IN,2020-04-10,6907.0
IN,2020-04-11,7435.0
IN,2020-04-12,7928.0
IN,2020-04-13,8236.0
IN,2020-04-14,8527.0
IN,2020-04-15,8955.0
IN,2020-04-16,9542.0
IN,2020-04-17,10154.0
IN,2020-04-18,10641.0
IN,2020-04-19,11210.0
IN,2020-04-20,11686.0
IN,2020-04-21,12097.0
IN,2020-04-22,12438.0
IN,2020-04-23,13039.0
IN,2020-04-24,13680.0
IN,2020-04-25,14395.0
IN,2020-04-26,15012.0
IN,2020-04-27,15961.0
IN,2020-04-28,16588.0
KS,2020-03-06,0.0
KS,2020-03-07,0.0
KS,2020-03-08,1.0
KS,2020-03-09,1.0
KS,2020-03-10,1.0
KS,2020-03-11,1.0
KS,2020-03-12,4.0
KS,2020-03-13,6.0
KS,2020-03-14,6.0
KS,2020-03-15,8.0
KS,2020-03-16,11.0
KS,2020-03-17,15.0
KS,2020-03-18,16.0
KS,2020-03-19,34.0
KS,2020-03-20,44.0
KS,2020-03-21,55.0
KS,2020-03-22,64.0
KS,2020-03-23,82.0
KS,2020-03-24,98.0
KS,2020-03-25,126.0
KS,2020-03-26,168.0
KS,2020-03-27,202.0
KS,2020-03-28,261.0
KS,2020-03-29,319.0
KS,2020-03-30,368.0
KS,2020-03-31,428.0
KS,2020-04-01,482.0
KS,2020-04-02,552.0
KS,2020-04-03,620.0
KS,2020-04-04,698.0
KS,2020-04-05,747.0
KS,2020-04-06,845.0
KS,2020-04-07,900.0
KS,2020-04-08,1046.0
KS,2020-04-09,1106.0
KS,2020-04-10,1166.0
KS,2020-04-11,1268.0
KS,2020-04-12,1337.0
KS,2020-04-13,1376.0
KS,2020-04-14,1426.0
KS,2020-04-15,1494.0
KS,2020-04-16,1588.0
KS,2020-04-17,1705.0
KS,2020-04-18,1790.0
KS,2020-04-19,1849.0
KS,2020-04-20,1986.0
KS,2020-04-21,2025.0
KS,2020-04-22,2211.0
KS,2020-04-23,2482.0
KS,2020-04-24,2777.0
KS,2020-04-25,3056.0
KS,2020-04-26,3174.0
KS,2020-04-27,3328.0
KS,2020-04-28,3491.0
KY,2020-03-06,0.0
KY,2020-03-07,1.0
KY,2020-03-08,1.0
KY,2020-03-09,4.0
KY,2020-03-10,6.0
KY,2020-03-11,8.0
KY,2020-03-12,8.0
KY,2020-03-13,11.0
KY,2020-03-14,14.0
KY,2020-03-15,16.0
KY,2020-03-16,21.0
KY,2020-03-17,22.0
KY,2020-03-18,26.0
KY,2020-03-19,35.0
KY,2020-03-20,47.0
KY,2020-03-21,54.0
KY,2020-03-22,99.0
KY,2020-03-23,104.0
KY,2020-03-24,124.0
KY,2020-03-25,157.0
KY,2020-03-26,198.0
KY,2020-03-27,248.0
KY,2020-03-28,302.0
KY,2020-03-29,394.0
KY,2020-03-30,439.0
KY,2020-03-31,480.0
KY,2020-04-01,591.0
KY,2020-04-02,680.0
KY,2020-04-03,770.0
KY,2020-04-04,831.0
KY,2020-04-05,917.0
KY,2020-04-06,955.0
KY,2020-04-07,1008.0
KY,2020-04-08,1149.0
KY,2020-04-09,1346.0
KY,2020-04-10,1693.0
KY,2020-04-11,1693.0
KY,2020-04-12,1840.0
KY,2020-04-13,1963.0
KY,2020-04-14,2048.0
KY,2020-04-15,2210.0
KY,2020-04-16,2291.0
KY,2020-04-17,2429.0
KY,2020-04-18,2522.0
KY,2020-04-19,2707.0
KY,2020-04-20,2960.0
KY,2020-04-21,3050.0
KY,2020-04-22,3192.0
KY,2020-04-23,3373.0
KY,2020-04-24,3481.0
KY,2020-04-25,3779.0
KY,2020-04-26,3905.0
KY,2020-04-27,4074.0
KY,2020-04-28,4146.0
LA,2020-03-07,0.0
LA,2020-03-08,0.0
LA,2020-03-09,1.0
LA,2020-03-10,1.0
LA,2020-03-11,6.0
LA,2020-03-12,14.0
LA,2020-03-13,36.0
LA,2020-03-14,69.0
LA,2020-03-15,91.0
LA,2020-03-16,114.0
LA,2020-03-17,171.0
LA,2020-03-18,240.0
LA,2020-03-19,347.0
LA,2020-03-20,479.0
LA,2020-03-21,585.0
LA,2020-03-22,837.0
LA,2020-03-23,1172.0
LA,2020-03-24,1388.0
LA,2020-03-25,1795.0
LA,2020-03-26,2305.0
LA,2020-03-27,2746.0
LA,2020-03-28,3315.0
LA,2020-03-29,3540.0
LA,2020-03-30,4025.0
LA,2020-03-31,5237.0
LA,2020-04-01,6424.0
LA,2020-04-02,9150.0
LA,2020-04-03,10297.0
LA,2020-04-04,12496.0
LA,2020-04-05,13010.0
LA,2020-04-06,14867.0
LA,2020-04-07,16284.0
LA,2020-04-08,17030.0
LA,2020-04-09,18283.0
LA,2020-04-10,19253.0
LA,2020-04-11,20014.0
LA,2020-04-12,20595.0
LA,2020-04-13,21016.0
LA,2020-04-14,21518.0
LA,2020-04-15,21951.0
LA,2020-04-16,22532.0
LA,2020-04-17,23118.0
LA,2020-04-18,23580.0
LA,2020-04-19,23928.0
LA,2020-04-20,24523.0
LA,2020-04-21,24854.0
LA,2020-04-22,25258.0
LA,2020-04-23,25739.0
LA,2020-04-24,26140.0
LA,2020-04-25,26512.0
LA,2020-04-26,26773.0
LA,2020-04-27,27068.0
LA,2020-04-28,27286.0
MA,2020-03-12,8.0
MA,2020-03-13,23.0
MA,2020-03-14,38.0
MA,2020-03-15,64.0
MA,2020-03-16,97.0
MA,2020-03-17,118.0
MA,2020-03-18,156.0
MA,2020-03-19,229.0
MA,2020-03-20,314.0
MA,2020-03-21,426.0
MA,2020-03-22,547.0
MA,2020-03-23,678.0
MA,2020-03-24,1060.0
MA,2020-03-25,1739.0
MA,2020-03-26,2318.0
MA,2020-03-27,3151.0
MA,2020-03-28,4158.0
MA,2020-03-29,4856.0
MA,2020-03-30,5653.0
MA,2020-03-31,6521.0
MA,2020-04-01,7639.0
MA,2020-04-02,8867.0
MA,2020-04-03,10303.0
MA,2020-04-04,11637.0
MA,2020-04-05,12402.0
MA,2020-04-06,13739.0
MA,2020-04-07,15104.0
MA,2020-04-08,16692.0
MA,2020-04-09,18843.0
MA,2020-04-10,20878.0
MA,2020-04-11,22766.0
MA,2020-04-12,25381.0
MA,2020-04-13,26794.0
MA,2020-04-14,28109.0
MA,2020-04-15,29970.0
MA,2020-04-16,32492.0
MA,2020-04-17,35125.0
MA,2020-04-18,37527.0
MA,2020-04-19,39820.0
MA,2020-04-20,41416.0
MA,2020-04-21,43168.0
MA,2020-04-22,44913.0
MA,2020-04-23,47992.0
MA,2020-04-24,50969.0
MA,2020-04-25,53348.0
MA,2020-04-26,54938.0
MA,2020-04-27,56462.0
MA,2020-04-28,58302.0
MD,2020-03-05,0.0
MD,2020-03-06,3.0
MD,2020-03-07,3.0
MD,2020-03-08,3.0
MD,2020-03-09,5.0
MD,2020-03-10,6.0
MD,2020-03-11,9.0
MD,2020-03-12,12.0
MD,2020-03-13,17.0
MD,2020-03-14,26.0
MD,2020-03-15,31.0
MD,2020-03-16,37.0
MD,2020-03-17,57.0
MD,2020-03-18,85.0
MD,2020-03-19,107.0
MD,2020-03-20,149.0
MD,2020-03-21,190.0
MD,2020-03-22,244.0
MD,2020-03-23,288.0
MD,2020-03-24,349.0
MD,2020-03-25,423.0
MD,2020-03-26,580.0
MD,2020-03-27,774.0
MD,2020-03-28,992.0
MD,2020-03-29,1239.0
MD,2020-03-30,1413.0
MD,2020-03-31,1660.0
MD,2020-04-01,1985.0
MD,2020-04-02,2331.0
MD,2020-04-03,2758.0
MD,2020-04-04,3125.0
MD,2020-04-05,3609.0
MD,2020-04-06,4045.0
MD,2020-04-07,4371.0
MD,2020-04-08,5529.0
MD,2020-04-09,6185.0
MD,2020-04-10,6968.0
MD,2020-04-11,7694.0
MD,2020-04-12,8225.0
MD,2020-04-13,8936.0
MD,2020-04-14,9472.0
MD,2020-04-15,10032.0
MD,2020-04-16,10784.0
MD,2020-04-17,11572.0
MD,2020-04-18,12308.0
MD,2020-04-19,12830.0
MD,2020-04-20,13684.0
MD,2020-04-21,14193.0
MD,2020-04-22,14775.0
MD,2020-04-23,15737.0
MD,2020-04-24,16616.0
MD,2020-04-25,17766.0
MD,2020-04-26,18581.0
MD,2020-04-27,19487.0
MD,2020-04-28,20113.0
ME,2020-03-07,0.0
ME,2020-03-08,0.0
ME,2020-03-09,0.0
ME,2020-03-10,0.0
ME,2020-03-11,0.0
ME,2020-03-12,1.0
ME,2020-03-13,3.0
ME,2020-03-14,3.0
ME,2020-03-15,3.0
ME,2020-03-16,17.0
ME,2020-03-17,32.0
ME,2020-03-18,43.0
ME,2020-03-19,53.0
ME,2020-03-20,57.0
ME,2020-03-21,73.0
ME,2020-03-22,89.0
ME,2020-03-23,107.0
ME,2020-03-24,125.0
ME,2020-03-25,149.0
ME,2020-03-26,155.0
ME,2020-03-27,168.0
ME,2020-03-28,211.0
ME,2020-03-29,253.0
ME,2020-03-30,275.0
ME,2020-03-31,303.0
ME,2020-04-01,344.0
ME,2020-04-02,376.0
ME,2020-04-03,432.0
ME,2020-04-04,456.0
ME,2020-04-05,470.0
ME,2020-04-06,499.0
ME,2020-04-07,519.0
ME,2020-04-08,537.0
ME,2020-04-09,560.0
ME,2020-04-10,586.0
ME,2020-04-11,616.0
ME,2020-04-12,633.0
ME,2020-04-13,698.0
ME,2020-04-14,734.0
ME,2020-04-15,770.0
ME,2020-04-16,796.0
ME,2020-04-17,827.0
ME,2020-04-18,847.0
ME,2020-04-19,867.0
ME,2020-04-20,875.0
ME,2020-04-21,888.0
ME,2020-04-22,907.0
ME,2020-04-23,937.0
ME,2020-04-24,965.0
ME,2020-04-25,990.0
ME,2020-04-26,1015.0
ME,2020-04-27,1023.0
ME,2020-04-28,1040.0
MI,2020-03-01,9.0
MI,2020-03-02,18.0
MI,2020-03-03,34.0
MI,2020-03-04,52.0
MI,2020-03-05,72.0
MI,2020-03-06,98.0
MI,2020-03-07,128.0
MI,2020-03-08,168.0
MI,2020-03-09,254.0
MI,2020-03-10,358.0
MI,2020-03-11,497.0
MI,2020-03-12,702.0
MI,2020-03-13,945.0
MI,2020-03-14,1196.0
MI,2020-03-15,1480.0
MI,2020-03-16,1933.0
MI,2020-03-17,2393.0
MI,2020-03-18,2913.0
MI,2020-03-19,3392.0
MI,2020-03-20,4027.0
MI,2020-03-21,4543.0
MI,2020-03-22,5098.0
MI,2020-03-23,5789.0
MI,2020-03-24,6441.0
MI,2020-03-25,7060.0
MI,2020-03-26,7767.0
MI,2020-03-27,8659.0
MI,2020-03-28,9287.0
MI,2020-03-29,10010.0
MI,2020-03-30,10901.0
MI,2020-03-31,11875.0
MI,2020-04-01,12888.0
MI,2020-04-02,14117.0
MI,2020-04-03,15252.0
MI,2020-04-04,16395.0
MI,2020-04-05,17567.0
MI,2020-04-06,18850.0
MI,2020-04-07,19823.0
MI,2020-04-08,20589.0
MI,2020-04-09,21504.0
MI,2020-04-10,22783.0
MI,2020-04-11,23993.0
MI,2020-04-12,24638.0
MI,2020-04-13,25635.0
MI,2020-04-14,27001.0
MI,2020-04-15,28059.0
MI,2020-04-16,29263.0
MI,2020-04-17,30023.0
MI,2020-04-18,30791.0
MI,2020-04-19,31424.0
MI,2020-04-20,32000.0
MI,2020-04-21,32967.0
MI,2020-04-22,33966.0
MI,2020-04-23,35291.0
MI,2020-04-24,36641.0
MI,2020-04-25,37203.0
MI,2020-04-26,37778.0
MI,2020-04-27,38210.0
MI,2020-04-28,39262.0
MN,2020-03-06,0.0
MN,2020-03-07,1.0
MN,2020-03-08,1.0
MN,2020-03-09,2.0
MN,2020-03-10,3.0
MN,2020-03-11,5.0
MN,2020-03-12,9.0
MN,2020-03-13,14.0
MN,2020-03-14,21.0
MN,2020-03-15,35.0
MN,2020-03-16,54.0
MN,2020-03-17,60.0
MN,2020-03-18,77.0
MN,2020-03-19,89.0
MN,2020-03-20,115.0
MN,2020-03-21,138.0
MN,2020-03-22,169.0
MN,2020-03-23,235.0
MN,2020-03-24,262.0
MN,2020-03-25,287.0
MN,2020-03-26,346.0
MN,2020-03-27,398.0
MN,2020-03-28,441.0
MN,2020-03-29,503.0
MN,2020-03-30,576.0
MN,2020-03-31,629.0
MN,2020-04-01,689.0
MN,2020-04-02,742.0
MN,2020-04-03,789.0
MN,2020-04-04,865.0
MN,2020-04-05,935.0
MN,2020-04-06,986.0
MN,2020-04-07,1069.0
MN,2020-04-08,1154.0
MN,2020-04-09,1242.0
MN,2020-04-10,1336.0
MN,2020-04-11,1427.0
MN,2020-04-12,1621.0
MN,2020-04-13,1650.0
MN,2020-04-14,1695.0
MN,2020-04-15,1809.0
MN,2020-04-16,1912.0
MN,2020-04-17,2071.0
MN,2020-04-18,2213.0
MN,2020-04-19,2356.0
MN,2020-04-20,2470.0
MN,2020-04-21,2567.0
MN,2020-04-22,2721.0
MN,2020-04-23,2942.0
MN,2020-04-24,3185.0
MN,2020-04-25,3446.0
MN,2020-04-26,3602.0
MN,2020-04-27,3816.0
MN,2020-04-28,4181.0
MO,2020-03-07,0.0
MO,2020-03-08,1.0
MO,2020-03-09,1.0
MO,2020-03-10,1.0
MO,2020-03-11,1.0
MO,2020-03-12,1.0
MO,2020-03-13,2.0
MO,2020-03-14,4.0
MO,2020-03-15,5.0
MO,2020-03-16,6.0
MO,2020-03-17,8.0
MO,2020-03-18,13.0
MO,2020-03-19,24.0
MO,2020-03-20,47.0
MO,2020-03-21,73.0
MO,2020-03-22,90.0
MO,2020-03-23,183.0
MO,2020-03-24,183.0
MO,2020-03-25,356.0
MO,2020-03-26,502.0
MO,2020-03-27,669.0
MO,2020-03-28,838.0
MO,2020-03-29,838.0
MO,2020-03-30,1031.0
MO,2020-03-31,1327.0
MO,2020-04-01,1581.0
MO,2020-04-02,1834.0
MO,2020-04-03,2113.0
MO,2020-04-04,2291.0
MO,2020-04-05,2367.0
MO,2020-04-06,2722.0
MO,2020-04-07,3037.0
MO,2020-04-08,3327.0
MO,2020-04-09,3539.0
MO,2020-04-10,3799.0
MO,2020-04-11,4024.0
MO,2020-04-12,4160.0
MO,2020-04-13,4388.0
MO,2020-04-14,4686.0
MO,2020-04-15,4895.0
MO,2020-04-16,5111.0
MO,2020-04-17,5283.0
MO,2020-04-18,5517.0
MO,2020-04-19,5667.0
MO,2020-04-20,5807.0
MO,2020-04-21,5941.0
MO,2020-04-22,6137.0
MO,2020-04-23,6321.0
MO,2020-04-24,6625.0
MO,2020-04-25,6826.0
MO,2020-04-26,6997.0
MO,2020-04-27,7171.0
MO,2020-04-28,7303.0
MP,2020-03-16,0.0
MP,2020-03-17,0.0
MP,2020-03-18,0.0
MP,2020-03-19,0.0
MP,2020-03-20,0.0
MP,2020-03-21,0.0
MP,2020-03-22,0.0
MP,2020-03-23,0.0
MP,2020-03-24,0.0
MP,2020-03-25,0.0
MP,2020-03-26,0.0
MP,2020-03-27,0.0
MP,2020-03-28,2.0
MP,2020-03-29,2.0
MP,2020-03-30,2.0
MP,2020-03-31,2.0
MP,2020-04-01,6.0
MP,2020-04-02,8.0
MP,2020-04-03,8.0
MP,2020-04-04,8.0
MP,2020-04-05,8.0
MP,2020-04-06,8.0
MP,2020-04-07,8.0
MP,2020-04-08,11.0
MP,2020-04-09,11.0
MP,2020-04-10,11.0
MP,2020-04-11,11.0
MP,2020-04-12,11.0
MP,2020-04-13,11.0
MP,2020-04-14,13.0
MP,2020-04-15,13.0
MP,2020-04-16,13.0
MP,2020-04-17,13.0
MP,2020-04-18,14.0
MP,2020-04-19,14.0
MP,2020-04-20,14.0
MP,2020-04-21,14.0
MP,2020-04-22,14.0
MP,2020-04-23,14.0
MP,2020-04-24,14.0
MP,2020-04-25,14.0
MP,2020-04-26,14.0
MP,2020-04-27,14.0
MP,2020-04-28,14.0
MS,2020-03-07,0.0
MS,2020-03-08,0.0
MS,2020-03-09,0.0
MS,2020-03-10,0.0
MS,2020-03-11,0.0
MS,2020-03-12,1.0
MS,2020-03-13,4.0
MS,2020-03-14,6.0
MS,2020-03-15,10.0
MS,2020-03-16,12.0
MS,2020-03-17,21.0
MS,2020-03-18,34.0
MS,2020-03-19,50.0
MS,2020-03-20,80.0
MS,2020-03-21,140.0
MS,2020-03-22,207.0
MS,2020-03-23,249.0
MS,2020-03-24,320.0
MS,2020-03-25,377.0
MS,2020-03-26,485.0
MS,2020-03-27,579.0
MS,2020-03-28,663.0
MS,2020-03-29,758.0
MS,2020-03-30,847.0
MS,2020-03-31,937.0
MS,2020-04-01,1073.0
MS,2020-04-02,1177.0
MS,2020-04-03,1358.0
MS,2020-04-04,1455.0
MS,2020-04-05,1638.0
MS,2020-04-06,1738.0
MS,2020-04-07,1915.0
MS,2020-04-08,2003.0
MS,2020-04-09,2260.0
MS,2020-04-10,2469.0
MS,2020-04-11,2642.0
MS,2020-04-12,2781.0
MS,2020-04-13,2942.0
MS,2020-04-14,3087.0
MS,2020-04-15,3360.0
MS,2020-04-16,3624.0
MS,2020-04-17,3793.0
MS,2020-04-18,3974.0
MS,2020-04-19,4274.0
MS,2020-04-20,4512.0
MS,2020-04-21,4716.0
MS,2020-04-22,4894.0
MS,2020-04-23,5153.0
MS,2020-04-24,5434.0
MS,2020-04-25,5718.0
MS,2020-04-26,5911.0
MS,2020-04-27,6094.0
MS,2020-04-28,6342.0
MT,2020-03-07,0.0
MT,2020-03-08,0.0
MT,2020-03-09,0.0
MT,2020-03-10,0.0
MT,2020-03-11,0.0
MT,2020-03-12,1.0
MT,2020-03-13,1.0
MT,2020-03-14,5.0
MT,2020-03-15,7.0
MT,2020-03-16,7.0
MT,2020-03-17,8.0
MT,2020-03-18,10.0
MT,2020-03-19,12.0
MT,2020-03-20,16.0
MT,2020-03-21,20.0
MT,2020-03-22,31.0
MT,2020-03-23,34.0
MT,2020-03-24,46.0
MT,2020-03-25,53.0
MT,2020-03-26,71.0
MT,2020-03-27,108.0
MT,2020-03-28,129.0
MT,2020-03-29,154.0
MT,2020-03-30,171.0
MT,2020-03-31,184.0
MT,2020-04-01,208.0
MT,2020-04-02,227.0
MT,2020-04-03,243.0
MT,2020-04-04,265.0
MT,2020-04-05,286.0
MT,2020-04-06,299.0
MT,2020-04-07,319.0
MT,2020-04-08,332.0
MT,2020-04-09,354.0
MT,2020-04-10,365.0
MT,2020-04-11,377.0
MT,2020-04-12,387.0
MT,2020-04-13,394.0
MT,2020-04-14,399.0
MT,2020-04-15,404.0
MT,2020-04-16,415.0
MT,2020-04-17,422.0
MT,2020-04-18,426.0
MT,2020-04-19,433.0
MT,2020-04-20,433.0
MT,2020-04-21,437.0
MT,2020-04-22,439.0
MT,2020-04-23,442.0
MT,2020-04-24,444.0
MT,2020-04-25,445.0
MT,2020-04-26,448.0
MT,2020-04-27,449.0
MT,2020-04-28,451.0
NC,2020-03-04,1.0
NC,2020-03-05,1.0
NC,2020-03-06,2.0
NC,2020-03-07,2.0
NC,2020-03-08,2.0
NC,2020-03-09,2.0
NC,2020-03-10,7.0
NC,2020-03-11,7.0
NC,2020-03-12,12.0
NC,2020-03-13,15.0
NC,2020-03-14,23.0
NC,2020-03-15,32.0
NC,2020-03-16,33.0
NC,2020-03-17,40.0
NC,2020-03-18,63.0
NC,2020-03-19,97.0
NC,2020-03-20,137.0
NC,2020-03-21,184.0
NC,2020-03-22,255.0
NC,2020-03-23,297.0
NC,2020-03-24,398.0
NC,2020-03-25,504.0
NC,2020-03-26,636.0
NC,2020-03-27,763.0
NC,2020-03-28,935.0
NC,2020-03-29,1040.0
NC,2020-03-30,1307.0
NC,2020-03-31,1498.0
NC,2020-04-01,1584.0
NC,2020-04-02,1857.0
NC,2020-04-03,2093.0
NC,2020-04-04,2402.0
NC,2020-04-05,2585.0
NC,2020-04-06,2870.0
NC,2020-04-07,3221.0
NC,2020-04-08,3426.0
NC,2020-04-09,3651.0
NC,2020-04-10,3908.0
NC,2020-04-11,4312.0
NC,2020-04-12,4520.0
NC,2020-04-13,4816.0
NC,2020-04-14,5024.0
NC,2020-04-15,5123.0
NC,2020-04-16,5465.0
NC,2020-04-17,5859.0
NC,2020-04-18,6140.0
NC,2020-04-19,6493.0
NC,2020-04-20,6764.0
NC,2020-04-21,6951.0
NC,2020-04-22,7220.0
NC,2020-04-23,7608.0
NC,2020-04-24,8052.0
NC,2020-04-25,8623.0
NC,2020-04-26,8830.0
NC,2020-04-27,9142.0
NC,2020-04-28,9568.0
ND,2020-03-07,0.0
ND,2020-03-08,0.0
ND,2020-03-09,0.0
ND,2020-03-10,0.0
ND,2020-03-11,0.0
ND,2020-03-12,1.0
ND,2020-03-13,1.0
ND,2020-03-14,1.0
ND,2020-03-15,1.0
ND,2020-03-16,1.0
ND,2020-03-17,3.0
ND,2020-03-18,6.0
ND,2020-03-19,15.0
ND,2020-03-20,20.0
ND,2020-03-21,28.0
ND,2020-03-22,28.0
ND,2020-03-23,30.0
ND,2020-03-24,34.0
ND,2020-03-25,39.0
ND,2020-03-26,52.0
ND,2020-03-27,65.0
ND,2020-03-28,83.0
ND,2020-03-29,98.0
ND,2020-03-30,109.0
ND,2020-03-31,126.0
ND,2020-04-01,142.0
ND,2020-04-02,159.0
ND,2020-04-03,173.0
ND,2020-04-04,186.0
ND,2020-04-05,207.0
ND,2020-04-06,225.0
ND,2020-04-07,237.0
ND,2020-04-08,251.0
ND,2020-04-09,269.0
ND,2020-04-10,278.0
ND,2020-04-11,293.0
ND,2020-04-12,308.0
ND,2020-04-13,331.0
ND,2020-04-14,341.0
ND,2020-04-15,365.0
ND,2020-04-16,393.0
ND,2020-04-17,439.0
ND,2020-04-18,528.0
ND,2020-04-19,585.0
ND,2020-04-20,627.0
ND,2020-04-21,644.0
ND,2020-04-22,679.0
ND,2020-04-23,709.0
ND,2020-04-24,748.0
ND,2020-04-25,803.0
ND,2020-04-26,867.0
ND,2020-04-27,942.0
ND,2020-04-28,991.0
NE,2020-03-05,0.0
NE,2020-03-06,0.0
NE,2020-03-07,1.0
NE,2020-03-08,1.0
NE,2020-03-09,3.0
NE,2020-03-10,3.0
NE,2020-03-11,5.0
NE,2020-03-12,10.0
NE,2020-03-13,13.0
NE,2020-03-14,14.0
NE,2020-03-15,17.0
NE,2020-03-16,18.0
NE,2020-03-17,21.0
NE,2020-03-18,24.0
NE,2020-03-19,27.0
NE,2020-03-20,32.0
NE,2020-03-21,38.0
NE,2020-03-22,48.0
NE,2020-03-23,50.0
NE,2020-03-24,52.0
NE,2020-03-25,61.0
NE,2020-03-26,73.0
NE,2020-03-27,85.0
NE,2020-03-28,96.0
NE,2020-03-29,108.0
NE,2020-03-30,145.0
NE,2020-03-31,172.0
NE,2020-04-01,210.0
NE,2020-04-02,246.0
NE,2020-04-03,279.0
NE,2020-04-04,321.0
NE,2020-04-05,363.0
NE,2020-04-06,409.0
NE,2020-04-07,447.0
NE,2020-04-08,519.0
NE,2020-04-09,567.0
NE,2020-04-10,635.0
NE,2020-04-11,700.0
NE,2020-04-12,791.0
NE,2020-04-13,814.0
NE,2020-04-14,871.0
NE,2020-04-15,901.0
NE,2020-04-16,952.0
NE,2020-04-17,1066.0
NE,2020-04-18,1138.0
NE,2020-04-19,1287.0
NE,2020-04-20,1474.0
NE,2020-04-21,1648.0
NE,2020-04-22,1722.0
NE,2020-04-23,1813.0
NE,2020-04-24,2124.0
NE,2020-04-25,2421.0
NE,2020-04-26,2732.0
NE,2020-04-27,3028.0
NE,2020-04-28,3358.0
NH,2020-03-04,2.0
NH,2020-03-05,2.0
NH,2020-03-06,2.0
NH,2020-03-07,2.0
NH,2020-03-08,4.0
NH,2020-03-09,4.0
NH,2020-03-10,4.0
NH,2020-03-11,4.0
NH,2020-03-12,6.0
NH,2020-03-13,6.0
NH,2020-03-14,7.0
NH,2020-03-15,13.0
NH,2020-03-16,13.0
NH,2020-03-17,17.0
NH,2020-03-18,26.0
NH,2020-03-19,39.0
NH,2020-03-20,44.0
NH,2020-03-21,55.0
NH,2020-03-22,65.0
NH,2020-03-23,78.0
NH,2020-03-24,101.0
NH,2020-03-25,108.0
NH,2020-03-26,137.0
NH,2020-03-27,158.0
NH,2020-03-28,187.0
NH,2020-03-29,214.0
NH,2020-03-30,314.0
NH,2020-03-31,314.0
NH,2020-04-01,415.0
NH,2020-04-02,415.0
NH,2020-04-03,479.0
NH,2020-04-04,540.0
NH,2020-04-05,621.0
NH,2020-04-06,669.0
NH,2020-04-07,715.0
NH,2020-04-08,788.0
NH,2020-04-09,788.0
NH,2020-04-10,819.0
NH,2020-04-11,885.0
NH,2020-04-12,929.0
NH,2020-04-13,985.0
NH,2020-04-14,1020.0
NH,2020-04-15,1139.0
NH,2020-04-16,1139.0
NH,2020-04-17,1287.0
NH,2020-04-18,1287.0
NH,2020-04-19,1342.0
NH,2020-04-20,1392.0
NH,2020-04-21,1491.0
NH,2020-04-22,1491.0
NH,2020-04-23,1588.0
NH,2020-04-24,1670.0
NH,2020-04-25,1720.0
NH,2020-04-26,1787.0
NH,2020-04-27,1864.0
NH,2020-04-28,1938.0
NJ,2020-03-05,1.0
NJ,2020-03-06,1.0
NJ,2020-03-07,4.0
NJ,2020-03-08,6.0
NJ,2020-03-09,11.0
NJ,2020-03-10,15.0
NJ,2020-03-11,24.0
NJ,2020-03-12,30.0
NJ,2020-03-13,50.0
NJ,2020-03-14,50.0
NJ,2020-03-15,98.0
NJ,2020-03-16,178.0
NJ,2020-03-17,267.0
NJ,2020-03-18,427.0
NJ,2020-03-19,742.0
NJ,2020-03-20,890.0
NJ,2020-03-21,1327.0
NJ,2020-03-22,1914.0
NJ,2020-03-23,2844.0
NJ,2020-03-24,3675.0
NJ,2020-03-25,4402.0
NJ,2020-03-26,6876.0
NJ,2020-03-27,8825.0
NJ,2020-03-28,11124.0
NJ,2020-03-29,13386.0
NJ,2020-03-30,16636.0
NJ,2020-03-31,18696.0
NJ,2020-04-01,22255.0
NJ,2020-04-02,25590.0
NJ,2020-04-03,29895.0
NJ,2020-04-04,34124.0
NJ,2020-04-05,37505.0
NJ,2020-04-06,41090.0
NJ,2020-04-07,44416.0
NJ,2020-04-08,47437.0
NJ,2020-04-09,51027.0
NJ,2020-04-10,54588.0
NJ,2020-04-11,58151.0
NJ,2020-04-12,61850.0
NJ,2020-04-13,64584.0
NJ,2020-04-14,68824.0
NJ,2020-04-15,71030.0
NJ,2020-04-16,75317.0
NJ,2020-04-17,78467.0
NJ,2020-04-18,81420.0
NJ,2020-04-19,85301.0
NJ,2020-04-20,88806.0
NJ,2020-04-21,92387.0
NJ,2020-04-22,95865.0
NJ,2020-04-23,99989.0
NJ,2020-04-24,102196.0
NJ,2020-04-25,105523.0
NJ,2020-04-26,109038.0
NJ,2020-04-27,111188.0
NJ,2020-04-28,113856.0
NM,2020-03-06,0.0
NM,2020-03-07,0.0
NM,2020-03-08,0.0
NM,2020-03-09,0.0
NM,2020-03-10,0.0
NM,2020-03-11,3.0
NM,2020-03-12,5.0
NM,2020-03-13,10.0
NM,2020-03-14,10.0
NM,2020-03-15,13.0
NM,2020-03-16,17.0
NM,2020-03-17,23.0
NM,2020-03-18,28.0
NM,2020-03-19,35.0
NM,2020-03-20,43.0
NM,2020-03-21,57.0
NM,2020-03-22,57.0
NM,2020-03-23,65.0
NM,2020-03-24,83.0
NM,2020-03-25,100.0
NM,2020-03-26,112.0
NM,2020-03-27,136.0
NM,2020-03-28,191.0
NM,2020-03-29,237.0
NM,2020-03-30,237.0
NM,2020-03-31,281.0
NM,2020-04-01,315.0
NM,2020-04-02,363.0
NM,2020-04-03,403.0
NM,2020-04-04,495.0
NM,2020-04-05,543.0
NM,2020-04-06,624.0
NM,2020-04-07,686.0
NM,2020-04-08,794.0
NM,2020-04-09,865.0
NM,2020-04-10,1091.0
NM,2020-04-11,1091.0
NM,2020-04-12,1174.0
NM,2020-04-13,1245.0
NM,2020-04-14,1345.0
NM,2020-04-15,1407.0
NM,2020-04-16,1484.0
NM,2020-04-17,1597.0
NM,2020-04-18,1711.0
NM,2020-04-19,1798.0
NM,2020-04-20,1845.0
NM,2020-04-21,1971.0
NM,2020-04-22,2072.0
NM,2020-04-23,2210.0
NM,2020-04-24,2379.0
NM,2020-04-25,2521.0
NM,2020-04-26,2660.0
NM,2020-04-27,2726.0
NM,2020-04-28,2823.0
NV,2020-03-05,1.0
NV,2020-03-06,1.0
NV,2020-03-07,1.0
NV,2020-03-08,1.0
NV,2020-03-09,1.0
NV,2020-03-10,1.0
NV,2020-03-11,5.0
NV,2020-03-12,7.0
NV,2020-03-13,11.0
NV,2020-03-14,20.0
NV,2020-03-15,21.0
NV,2020-03-16,45.0
NV,2020-03-17,55.0
NV,2020-03-18,55.0
NV,2020-03-19,95.0
NV,2020-03-20,109.0
NV,2020-03-21,124.0
NV,2020-03-22,190.0
NV,2020-03-23,245.0
NV,2020-03-24,278.0
NV,2020-03-25,321.0
NV,2020-03-26,420.0
NV,2020-03-27,535.0
NV,2020-03-28,621.0
NV,2020-03-29,738.0
NV,2020-03-30,1008.0
NV,2020-03-31,1113.0
NV,2020-04-01,1279.0
NV,2020-04-02,1458.0
NV,2020-04-03,1514.0
NV,2020-04-04,1742.0
NV,2020-04-05,1836.0
NV,2020-04-06,1953.0
NV,2020-04-07,2087.0
NV,2020-04-08,2318.0
NV,2020-04-09,2456.0
NV,2020-04-10,2584.0
NV,2020-04-11,2700.0
NV,2020-04-12,2836.0
NV,2020-04-13,2971.0
NV,2020-04-14,3088.0
NV,2020-04-15,3211.0
NV,2020-04-16,3321.0
NV,2020-04-17,3524.0
NV,2020-04-18,3626.0
NV,2020-04-19,3728.0
NV,2020-04-20,3830.0
NV,2020-04-21,3937.0
NV,2020-04-22,4081.0
NV,2020-04-23,4208.0
NV,2020-04-24,4398.0
NV,2020-04-25,4539.0
NV,2020-04-26,4602.0
NV,2020-04-27,4690.0
NV,2020-04-28,4805.0
NY,2020-03-04,6.0
NY,2020-03-05,22.0
NY,2020-03-06,33.0
NY,2020-03-07,76.0
NY,2020-03-08,105.0
NY,2020-03-09,142.0
NY,2020-03-10,173.0
NY,2020-03-11,216.0
NY,2020-03-12,216.0
NY,2020-03-13,421.0
NY,2020-03-14,524.0
NY,2020-03-15,729.0
NY,2020-03-16,950.0
NY,2020-03-17,1700.0
NY,2020-03-18,2382.0
NY,2020-03-19,4152.0
NY,2020-03-20,7102.0
NY,2020-03-21,10356.0
NY,2020-03-22,15168.0
NY,2020-03-23,20875.0
NY,2020-03-24,25665.0
NY,2020-03-25,30811.0
NY,2020-03-26,37258.0
NY,2020-03-27,44635.0
NY,2020-03-28,52318.0
NY,2020-03-29,59513.0
NY,2020-03-30,66497.0
NY,2020-03-31,75795.0
NY,2020-04-01,83712.0
NY,2020-04-02,92381.0
NY,2020-04-03,102863.0
NY,2020-04-04,113704.0
NY,2020-04-05,122031.0
NY,2020-04-06,130689.0
NY,2020-04-07,138863.0
NY,2020-04-08,149316.0
NY,2020-04-09,159937.0
NY,2020-04-10,170512.0
NY,2020-04-11,180458.0
NY,2020-04-12,188694.0
NY,2020-04-13,195031.0
NY,2020-04-14,202208.0
NY,2020-04-15,213779.0
NY,2020-04-16,222284.0
NY,2020-04-17,229642.0
NY,2020-04-18,236732.0
NY,2020-04-19,242786.0
NY,2020-04-20,247512.0
NY,2020-04-21,251690.0
NY,2020-04-22,257216.0
NY,2020-04-23,263460.0
NY,2020-04-24,271590.0
NY,2020-04-25,282143.0
NY,2020-04-26,288045.0
NY,2020-04-27,291996.0
NY,2020-04-28,295106.0
OH,2020-03-05,0.0
OH,2020-03-06,0.0
OH,2020-03-07,0.0
OH,2020-03-08,0.0
OH,2020-03-09,3.0
OH,2020-03-10,3.0
OH,2020-03-11,4.0
OH,2020-03-12,5.0
OH,2020-03-13,13.0
OH,2020-03-14,13.0
OH,2020-03-15,36.0
OH,2020-03-16,50.0
OH,2020-03-17,67.0
OH,2020-03-18,88.0
OH,2020-03-19,119.0
OH,2020-03-20,169.0
OH,2020-03-21,247.0
OH,2020-03-22,351.0
OH,2020-03-23,442.0
OH,2020-03-24,564.0
OH,2020-03-25,704.0
OH,2020-03-26,867.0
OH,2020-03-27,1137.0
OH,2020-03-28,1406.0
OH,2020-03-29,1653.0
OH,2020-03-30,1933.0
OH,2020-03-31,2199.0
OH,2020-04-01,2547.0
OH,2020-04-02,2902.0
OH,2020-04-03,3312.0
OH,2020-04-04,3739.0
OH,2020-04-05,4043.0
OH,2020-04-06,4450.0
OH,2020-04-07,4782.0
OH,2020-04-08,5148.0
OH,2020-04-09,5512.0
OH,2020-04-10,5836.0
OH,2020-04-11,6187.0
OH,2020-04-12,6604.0
OH,2020-04-13,6975.0
OH,2020-04-14,7153.0
OH,2020-04-15,7791.0
OH,2020-04-16,8414.0
OH,2020-04-17,8858.0
OH,2020-04-18,9939.0
OH,2020-04-19,11292.0
OH,2020-04-20,12516.0
OH,2020-04-21,13250.0
OH,2020-04-22,13609.0
OH,2020-04-23,14142.0
OH,2020-04-24,14581.0
OH,2020-04-25,14983.0
OH,2020-04-26,15360.0
OH,2020-04-27,15699.0
OH,2020-04-28,16128.0
OK,2020-03-07,1.0
OK,2020-03-08,1.0
OK,2020-03-09,1.0
OK,2020-03-10,2.0
OK,2020-03-11,2.0
OK,2020-03-12,3.0
OK,2020-03-13,3.0
OK,2020-03-14,4.0
OK,2020-03-15,9.0
OK,2020-03-16,10.0
OK,2020-03-17,17.0
OK,2020-03-18,29.0
OK,2020-03-19,44.0
OK,2020-03-20,49.0
OK,2020-03-21,53.0
OK,2020-03-22,67.0
OK,2020-03-23,81.0
OK,2020-03-24,106.0
OK,2020-03-25,164.0
OK,2020-03-26,248.0
OK,2020-03-27,322.0
OK,2020-03-28,377.0
OK,2020-03-29,429.0
OK,2020-03-30,481.0
OK,2020-03-31,565.0
OK,2020-04-01,719.0
OK,2020-04-02,879.0
OK,2020-04-03,988.0
OK,2020-04-04,1159.0
OK,2020-04-05,1252.0
OK,2020-04-06,1327.0
OK,2020-04-07,1472.0
OK,2020-04-08,1524.0
OK,2020-04-09,1684.0
OK,2020-04-10,1794.0
OK,2020-04-11,1868.0
OK,2020-04-12,1970.0
OK,2020-04-13,2069.0
OK,2020-04-14,2184.0
OK,2020-04-15,2263.0
OK,2020-04-16,2357.0
OK,2020-04-17,2465.0
OK,2020-04-18,2570.0
OK,2020-04-19,2599.0
OK,2020-04-20,2680.0
OK,2020-04-21,2807.0
OK,2020-04-22,2894.0
OK,2020-04-23,3017.0
OK,2020-04-24,3121.0
OK,2020-04-25,3193.0
OK,2020-04-26,3253.0
OK,2020-04-27,3280.0
OK,2020-04-28,3410.0
OR,2020-03-04,3.0
OR,2020-03-05,3.0
OR,2020-03-06,3.0
OR,2020-03-07,7.0
OR,2020-03-08,14.0
OR,2020-03-09,14.0
OR,2020-03-10,15.0
OR,2020-03-11,19.0
OR,2020-03-12,19.0
OR,2020-03-13,30.0
OR,2020-03-14,30.0
OR,2020-03-15,36.0
OR,2020-03-16,39.0
OR,2020-03-17,47.0
OR,2020-03-18,75.0
OR,2020-03-19,88.0
OR,2020-03-20,114.0
OR,2020-03-21,114.0
OR,2020-03-22,161.0
OR,2020-03-23,191.0
OR,2020-03-24,209.0
OR,2020-03-25,209.0
OR,2020-03-26,327.0
OR,2020-03-27,414.0
OR,2020-03-28,479.0
OR,2020-03-29,548.0
OR,2020-03-30,606.0
OR,2020-03-31,690.0
OR,2020-04-01,736.0
OR,2020-04-02,826.0
OR,2020-04-03,899.0
OR,2020-04-04,999.0
OR,2020-04-05,1068.0
OR,2020-04-06,1132.0
OR,2020-04-07,1181.0
OR,2020-04-08,1239.0
OR,2020-04-09,1321.0
OR,2020-04-10,1321.0
OR,2020-04-11,1371.0
OR,2020-04-12,1527.0
OR,2020-04-13,1584.0
OR,2020-04-14,1633.0
OR,2020-04-15,1663.0
OR,2020-04-16,1736.0
OR,2020-04-17,1785.0
OR,2020-04-18,1844.0
OR,2020-04-19,1910.0
OR,2020-04-20,1956.0
OR,2020-04-21,2002.0
OR,2020-04-22,2059.0
OR,2020-04-23,2127.0
OR,2020-04-24,2177.0
OR,2020-04-25,2253.0
OR,2020-04-26,2311.0
OR,2020-04-27,2354.0
OR,2020-04-28,2354.0
PA,2020-03-06,2.0
PA,2020-03-07,4.0
PA,2020-03-08,6.0
PA,2020-03-09,10.0
PA,2020-03-10,12.0
PA,2020-03-11,16.0
PA,2020-03-12,22.0
PA,2020-03-13,41.0
PA,2020-03-14,47.0
PA,2020-03-15,63.0
PA,2020-03-16,76.0
PA,2020-03-17,96.0
PA,2020-03-18,133.0
PA,2020-03-19,185.0
PA,2020-03-20,268.0
PA,2020-03-21,371.0
PA,2020-03-22,479.0
PA,2020-03-23,644.0
PA,2020-03-24,851.0
PA,2020-03-25,1127.0
PA,2020-03-26,1687.0
PA,2020-03-27,2218.0
PA,2020-03-28,2751.0
PA,2020-03-29,3394.0
PA,2020-03-30,4087.0
PA,2020-03-31,4843.0
PA,2020-04-01,5805.0
PA,2020-04-02,7016.0
PA,2020-04-03,8420.0
PA,2020-04-04,10017.0
PA,2020-04-05,11510.0
PA,2020-04-06,12980.0
PA,2020-04-07,14559.0
PA,2020-04-08,16239.0
PA,2020-04-09,18228.0
PA,2020-04-10,19979.0
PA,2020-04-11,21655.0
PA,2020-04-12,22833.0
PA,2020-04-13,24199.0
PA,2020-04-14,25345.0
PA,2020-04-15,26490.0
PA,2020-04-16,27735.0
PA,2020-04-17,29441.0
PA,2020-04-18,31069.0
PA,2020-04-19,32284.0
PA,2020-04-20,33232.0
PA,2020-04-21,34528.0
PA,2020-04-22,35045.0
PA,2020-04-23,36647.0
PA,2020-04-24,38652.0
PA,2020-04-25,40049.0
PA,2020-04-26,41165.0
PA,2020-04-27,42050.0
PA,2020-04-28,43264.0
PR,2020-03-16,5.0
PR,2020-03-17,5.0
PR,2020-03-18,5.0
PR,2020-03-19,5.0
PR,2020-03-20,14.0
PR,2020-03-21,21.0
PR,2020-03-22,23.0
PR,2020-03-23,31.0
PR,2020-03-24,39.0
PR,2020-03-25,51.0
PR,2020-03-26,64.0
PR,2020-03-27,79.0
PR,2020-03-28,100.0
PR,2020-03-29,127.0
PR,2020-03-30,174.0
PR,2020-03-31,239.0
PR,2020-04-01,286.0
PR,2020-04-02,316.0
PR,2020-04-03,378.0
PR,2020-04-04,452.0
PR,2020-04-05,475.0
PR,2020-04-06,513.0
PR,2020-04-07,573.0
PR,2020-04-08,620.0
PR,2020-04-09,683.0
PR,2020-04-10,725.0
PR,2020-04-11,788.0
PR,2020-04-12,897.0
PR,2020-04-13,903.0
PR,2020-04-14,923.0
PR,2020-04-15,974.0
PR,2020-04-16,1043.0
PR,2020-04-17,1068.0
PR,2020-04-18,1118.0
PR,2020-04-19,1213.0
PR,2020-04-20,1252.0
PR,2020-04-21,1298.0
PR,2020-04-22,915.0
PR,2020-04-23,915.0
PR,2020-04-24,1276.0
PR,2020-04-25,1307.0
PR,2020-04-26,1371.0
PR,2020-04-27,1389.0
PR,2020-04-28,1400.0
RI,2020-03-01,1.0
RI,2020-03-02,1.0
RI,2020-03-03,2.0
RI,2020-03-04,2.0
RI,2020-03-05,2.0
RI,2020-03-06,3.0
RI,2020-03-07,2.0
RI,2020-03-08,3.0
RI,2020-03-09,3.0
RI,2020-03-10,3.0
RI,2020-03-11,5.0
RI,2020-03-12,5.0
RI,2020-03-13,14.0
RI,2020-03-14,20.0
RI,2020-03-15,20.0
RI,2020-03-16,21.0
RI,2020-03-17,23.0
RI,2020-03-18,33.0
RI,2020-03-19,44.0
RI,2020-03-20,54.0
RI,2020-03-21,66.0
RI,2020-03-22,83.0
RI,2020-03-23,106.0
RI,2020-03-24,124.0
RI,2020-03-25,132.0
RI,2020-03-26,165.0
RI,2020-03-27,203.0
RI,2020-03-28,239.0
RI,2020-03-29,294.0
RI,2020-03-30,402.0
RI,2020-03-31,489.0
RI,2020-04-01,566.0
RI,2020-04-02,657.0
RI,2020-04-03,709.0
RI,2020-04-04,806.0
RI,2020-04-05,922.0
RI,2020-04-06,1082.0
RI,2020-04-07,1230.0
RI,2020-04-08,1450.0
RI,2020-04-09,1727.0
RI,2020-04-10,2015.0
RI,2020-04-11,2349.0
RI,2020-04-12,2665.0
RI,2020-04-13,2976.0
RI,2020-04-14,3251.0
RI,2020-04-15,3529.0
RI,2020-04-16,3838.0
RI,2020-04-17,4177.0
RI,2020-04-18,4491.0
RI,2020-04-19,4706.0
RI,2020-04-20,5090.0
RI,2020-04-21,5500.0
RI,2020-04-22,5841.0
RI,2020-04-23,6256.0
RI,2020-04-24,6699.0
RI,2020-04-25,7129.0
RI,2020-04-26,7439.0
RI,2020-04-27,7708.0
RI,2020-04-28,7926.0
SC,2020-03-04,0.0
SC,2020-03-05,0.0
SC,2020-03-06,0.0
SC,2020-03-07,2.0
SC,2020-03-08,2.0
SC,2020-03-09,7.0
SC,2020-03-10,7.0
SC,2020-03-11,9.0
SC,2020-03-12,10.0
SC,2020-03-13,12.0
SC,2020-03-14,13.0
SC,2020-03-15,19.0
SC,2020-03-16,28.0
SC,2020-03-17,33.0
SC,2020-03-18,60.0
SC,2020-03-19,60.0
SC,2020-03-20,81.0
SC,2020-03-21,152.0
SC,2020-03-22,195.0
SC,2020-03-23,298.0
SC,2020-03-24,298.0
SC,2020-03-25,424.0
SC,2020-03-26,456.0
SC,2020-03-27,456.0
SC,2020-03-28,539.0
SC,2020-03-29,774.0
SC,2020-03-30,925.0
SC,2020-03-31,1083.0
SC,2020-04-01,1293.0
SC,2020-04-02,1554.0
SC,2020-04-03,1554.0
SC,2020-04-04,1917.0
SC,2020-04-05,2049.0
SC,2020-04-06,2049.0
SC,2020-04-07,2417.0
SC,2020-04-08,2552.0
SC,2020-04-09,2792.0
SC,2020-04-10,3065.0
SC,2020-04-11,3207.0
SC,2020-04-12,3319.0
SC,2020-04-13,3319.0
SC,2020-04-14,3553.0
SC,2020-04-15,3656.0
SC,2020-04-16,3656.0
SC,2020-04-17,3931.0
SC,2020-04-18,4246.0
SC,2020-04-19,4377.0
SC,2020-04-20,4377.0
SC,2020-04-21,4439.0
SC,2020-04-22,4761.0
SC,2020-04-23,4917.0
SC,2020-04-24,4917.0
SC,2020-04-25,5253.0
SC,2020-04-26,5490.0
SC,2020-04-27,5490.0
SC,2020-04-28,5613.0
SD,2020-03-07,0.0
SD,2020-03-08,0.0
SD,2020-03-09,0.0
SD,2020-03-10,0.0
SD,2020-03-11,5.0
SD,2020-03-12,8.0
SD,2020-03-13,9.0
SD,2020-03-14,9.0
SD,2020-03-15,9.0
SD,2020-03-16,10.0
SD,2020-03-17,11.0
SD,2020-03-18,11.0
SD,2020-03-19,11.0
SD,2020-03-20,14.0
SD,2020-03-21,14.0
SD,2020-03-22,21.0
SD,2020-03-23,28.0
SD,2020-03-24,30.0
SD,2020-03-25,41.0
SD,2020-03-26,46.0
SD,2020-03-27,58.0
SD,2020-03-28,68.0
SD,2020-03-29,90.0
SD,2020-03-30,101.0
SD,2020-03-31,108.0
SD,2020-04-01,129.0
SD,2020-04-02,165.0
SD,2020-04-03,187.0
SD,2020-04-04,212.0
SD,2020-04-05,240.0
SD,2020-04-06,288.0
SD,2020-04-07,320.0
SD,2020-04-08,393.0
SD,2020-04-09,447.0
SD,2020-04-10,536.0
SD,2020-04-11,626.0
SD,2020-04-12,730.0
SD,2020-04-13,868.0
SD,2020-04-14,988.0
SD,2020-04-15,1168.0
SD,2020-04-16,1311.0
SD,2020-04-17,1411.0
SD,2020-04-18,1542.0
SD,2020-04-19,1635.0
SD,2020-04-20,1685.0
SD,2020-04-21,1755.0
SD,2020-04-22,1858.0
SD,2020-04-23,1956.0
SD,2020-04-24,2040.0
SD,2020-04-25,2147.0
SD,2020-04-26,2212.0
SD,2020-04-27,2245.0
SD,2020-04-28,2313.0
TN,2020-03-05,1.0
TN,2020-03-06,1.0
TN,2020-03-07,1.0
TN,2020-03-08,3.0
TN,2020-03-09,3.0
TN,2020-03-10,7.0
TN,2020-03-11,7.0
TN,2020-03-12,18.0
TN,2020-03-13,26.0
TN,2020-03-14,32.0
TN,2020-03-15,39.0
TN,2020-03-16,52.0
TN,2020-03-17,73.0
TN,2020-03-18,98.0
TN,2020-03-19,154.0
TN,2020-03-20,228.0
TN,2020-03-21,371.0
TN,2020-03-22,505.0
TN,2020-03-23,615.0
TN,2020-03-24,667.0
TN,2020-03-25,784.0
TN,2020-03-26,957.0
TN,2020-03-27,1203.0
TN,2020-03-28,1373.0
TN,2020-03-29,1537.0
TN,2020-03-30,1834.0
TN,2020-03-31,2239.0
TN,2020-04-01,2683.0
TN,2020-04-02,2845.0
TN,2020-04-03,3067.0
TN,2020-04-04,3321.0
TN,2020-04-05,3633.0
TN,2020-04-06,3802.0
TN,2020-04-07,4138.0
TN,2020-04-08,4362.0
TN,2020-04-09,4634.0
TN,2020-04-10,4862.0
TN,2020-04-11,5114.0
TN,2020-04-12,5308.0
TN,2020-04-13,5610.0
TN,2020-04-14,5823.0
TN,2020-04-15,6079.0
TN,2020-04-16,6262.0
TN,2020-04-17,6589.0
TN,2020-04-18,6762.0
TN,2020-04-19,7070.0
TN,2020-04-20,7238.0
TN,2020-04-21,7394.0
TN,2020-04-22,7842.0
TN,2020-04-23,8266.0
TN,2020-04-24,8726.0
TN,2020-04-25,9189.0
TN,2020-04-26,9667.0
TN,2020-04-27,9918.0
TN,2020-04-28,10052.0
TX,2020-03-04,1.0
TX,2020-03-05,1.0
TX,2020-03-06,5.0
TX,2020-03-07,8.0
TX,2020-03-08,8.0
TX,2020-03-09,12.0
TX,2020-03-10,13.0
TX,2020-03-11,21.0
TX,2020-03-12,23.0
TX,2020-03-13,39.0
TX,2020-03-14,51.0
TX,2020-03-15,56.0
TX,2020-03-16,57.0
TX,2020-03-17,64.0
TX,2020-03-18,83.0
TX,2020-03-19,143.0
TX,2020-03-20,194.0
TX,2020-03-21,304.0
TX,2020-03-22,334.0
TX,2020-03-23,352.0
TX,2020-03-24,410.0
TX,2020-03-25,974.0
TX,2020-03-26,1396.0
TX,2020-03-27,1731.0
TX,2020-03-28,2052.0
TX,2020-03-29,2552.0
TX,2020-03-30,2877.0
TX,2020-03-31,3266.0
TX,2020-04-01,3997.0
TX,2020-04-02,4669.0
TX,2020-04-03,5330.0
TX,2020-04-04,6110.0
TX,2020-04-05,6812.0
TX,2020-04-06,7276.0
TX,2020-04-07,8262.0
TX,2020-04-08,9353.0
TX,2020-04-09,10230.0
TX,2020-04-10,11671.0
TX,2020-04-11,12561.0
TX,2020-04-12,13484.0
TX,2020-04-13,13906.0
TX,2020-04-14,14624.0
TX,2020-04-15,15492.0
TX,2020-04-16,16455.0
TX,2020-04-17,17371.0
TX,2020-04-18,18260.0
TX,2020-04-19,18923.0
TX,2020-04-20,19458.0
TX,2020-04-21,20196.0
TX,2020-04-22,21069.0
TX,2020-04-23,21944.0
TX,2020-04-24,22806.0
TX,2020-04-25,23773.0
TX,2020-04-26,24631.0
TX,2020-04-27,25297.0
TX,2020-04-28,26171.0
UT,2020-03-07,1.0
UT,2020-03-08,1.0
UT,2020-03-09,1.0
UT,2020-03-10,2.0
UT,2020-03-11,2.0
UT,2020-03-12,4.0
UT,2020-03-13,6.0
UT,2020-03-14,6.0
UT,2020-03-15,28.0
UT,2020-03-16,39.0
UT,2020-03-17,51.0
UT,2020-03-18,63.0
UT,2020-03-19,78.0
UT,2020-03-20,112.0
UT,2020-03-21,136.0
UT,2020-03-22,181.0
UT,2020-03-23,257.0
UT,2020-03-24,299.0
UT,2020-03-25,346.0
UT,2020-03-26,402.0
UT,2020-03-27,480.0
UT,2020-03-28,602.0
UT,2020-03-29,719.0
UT,2020-03-30,806.0
UT,2020-03-31,887.0
UT,2020-04-01,1012.0
UT,2020-04-02,1074.0
UT,2020-04-03,1246.0
UT,2020-04-04,1428.0
UT,2020-04-05,1605.0
UT,2020-04-06,1675.0
UT,2020-04-07,1738.0
UT,2020-04-08,1846.0
UT,2020-04-09,1976.0
UT,2020-04-10,2102.0
UT,2020-04-11,2206.0
UT,2020-04-12,2303.0
UT,2020-04-13,2363.0
UT,2020-04-14,2412.0
UT,2020-04-15,2542.0
UT,2020-04-16,2683.0
UT,2020-04-17,2805.0
UT,2020-04-18,2931.0
UT,2020-04-19,3069.0
UT,2020-04-20,3213.0
UT,2020-04-21,3296.0
UT,2020-04-22,3445.0
UT,2020-04-23,3612.0
UT,2020-04-24,3782.0
UT,2020-04-25,3948.0
UT,2020-04-26,4123.0
UT,2020-04-27,4233.0
UT,2020-04-28,4343.0
VA,2020-03-05,0.0
VA,2020-03-06,0.0
VA,2020-03-07,0.0
VA,2020-03-08,2.0
VA,2020-03-09,3.0
VA,2020-03-10,8.0
VA,2020-03-11,9.0
VA,2020-03-12,17.0
VA,2020-03-13,30.0
VA,2020-03-14,30.0
VA,2020-03-15,45.0
VA,2020-03-16,51.0
VA,2020-03-17,67.0
VA,2020-03-18,77.0
VA,2020-03-19,94.0
VA,2020-03-20,114.0
VA,2020-03-21,152.0
VA,2020-03-22,219.0
VA,2020-03-23,254.0
VA,2020-03-24,290.0
VA,2020-03-25,391.0
VA,2020-03-26,460.0
VA,2020-03-27,604.0
VA,2020-03-28,739.0
VA,2020-03-29,890.0
VA,2020-03-30,1020.0
VA,2020-03-31,1250.0
VA,2020-04-01,1484.0
VA,2020-04-02,1706.0
VA,2020-04-03,2012.0
VA,2020-04-04,2407.0
VA,2020-04-05,2637.0
VA,2020-04-06,2878.0
VA,2020-04-07,3333.0
VA,2020-04-08,3645.0
VA,2020-04-09,4042.0
VA,2020-04-10,4509.0
VA,2020-04-11,5077.0
VA,2020-04-12,5274.0
VA,2020-04-13,5747.0
VA,2020-04-14,6171.0
VA,2020-04-15,6500.0
VA,2020-04-16,6889.0
VA,2020-04-17,7491.0
VA,2020-04-18,8053.0
VA,2020-04-19,8537.0
VA,2020-04-20,8990.0
VA,2020-04-21,9630.0
VA,2020-04-22,10266.0
VA,2020-04-23,10627.0
VA,2020-04-24,11169.0
VA,2020-04-25,11902.0
VA,2020-04-26,12488.0
VA,2020-04-27,13535.0
VA,2020-04-28,13794.0
VI,2020-03-16,1.0
VI,2020-03-17,2.0
VI,2020-03-18,2.0
VI,2020-03-19,3.0
VI,2020-03-20,3.0
VI,2020-03-21,6.0
VI,2020-03-22,6.0
VI,2020-03-23,17.0
VI,2020-03-24,17.0
VI,2020-03-25,17.0
VI,2020-03-26,17.0
VI,2020-03-27,19.0
VI,2020-03-28,22.0
VI,2020-03-29,23.0
VI,2020-03-30,30.0
VI,2020-03-31,30.0
VI,2020-04-01,30.0
VI,2020-04-02,33.0
VI,2020-04-03,38.0
VI,2020-04-04,40.0
VI,2020-04-05,42.0
VI,2020-04-06,43.0
VI,2020-04-07,43.0
VI,2020-04-08,45.0
VI,2020-04-09,46.0
VI,2020-04-10,50.0
VI,2020-04-11,51.0
VI,2020-04-12,51.0
VI,2020-04-13,51.0
VI,2020-04-14,51.0
VI,2020-04-15,51.0
VI,2020-04-16,51.0
VI,2020-04-17,51.0
VI,2020-04-18,53.0
VI,2020-04-19,53.0
VI,2020-04-20,53.0
VI,2020-04-21,54.0
VI,2020-04-22,54.0
VI,2020-04-23,54.0
VI,2020-04-24,54.0
VI,2020-04-25,55.0
VI,2020-04-26,57.0
VI,2020-04-27,59.0
VI,2020-04-28,59.0
VT,2020-03-06,0.0
VT,2020-03-07,0.0
VT,2020-03-08,1.0
VT,2020-03-09,1.0
VT,2020-03-10,1.0
VT,2020-03-11,1.0
VT,2020-03-12,2.0
VT,2020-03-13,2.0
VT,2020-03-14,4.0
VT,2020-03-15,4.0
VT,2020-03-16,8.0
VT,2020-03-17,10.0
VT,2020-03-18,19.0
VT,2020-03-19,22.0
VT,2020-03-20,29.0
VT,2020-03-21,29.0
VT,2020-03-22,52.0
VT,2020-03-23,75.0
VT,2020-03-24,95.0
VT,2020-03-25,123.0
VT,2020-03-26,158.0
VT,2020-03-27,184.0
VT,2020-03-28,211.0
VT,2020-03-29,235.0
VT,2020-03-30,256.0
VT,2020-03-31,293.0
VT,2020-04-01,321.0
VT,2020-04-02,338.0
VT,2020-04-03,389.0
VT,2020-04-04,461.0
VT,2020-04-05,512.0
VT,2020-04-06,543.0
VT,2020-04-07,575.0
VT,2020-04-08,605.0
VT,2020-04-09,628.0
VT,2020-04-10,679.0
VT,2020-04-11,711.0
VT,2020-04-12,727.0
VT,2020-04-13,748.0
VT,2020-04-14,752.0
VT,2020-04-15,759.0
VT,2020-04-16,768.0
VT,2020-04-17,779.0
VT,2020-04-18,803.0
VT,2020-04-19,812.0
VT,2020-04-20,816.0
VT,2020-04-21,818.0
VT,2020-04-22,823.0
VT,2020-04-23,825.0
VT,2020-04-24,827.0
VT,2020-04-25,843.0
VT,2020-04-26,851.0
VT,2020-04-27,855.0
VT,2020-04-28,862.0
WA,2020-01-22,1.0
WA,2020-01-23,1.0
WA,2020-01-24,1.0
WA,2020-01-25,1.0
WA,2020-01-26,1.0
WA,2020-01-27,1.0
WA,2020-01-28,1.0
WA,2020-01-29,1.0
WA,2020-01-30,1.0
WA,2020-01-31,1.0
WA,2020-02-01,1.0
WA,2020-02-02,1.0
WA,2020-02-03,1.0
WA,2020-02-04,1.0
WA,2020-02-05,1.0
WA,2020-02-06,1.0
WA,2020-02-07,2.0
WA,2020-02-08,2.0
WA,2020-02-09,2.0
WA,2020-02-10,2.0
WA,2020-02-11,2.0
WA,2020-02-12,2.0
WA,2020-02-13,2.0
WA,2020-02-14,2.0
WA,2020-02-15,2.0
WA,2020-02-16,2.0
WA,2020-02-17,2.0
WA,2020-02-18,2.0
WA,2020-02-19,2.0
WA,2020-02-20,2.0
WA,2020-02-21,2.0
WA,2020-02-22,2.0
WA,2020-02-23,2.0
WA,2020-02-24,2.0
WA,2020-02-25,2.0
WA,2020-02-26,2.0
WA,2020-02-27,2.0
WA,2020-02-28,9.0
WA,2020-02-29,18.0
WA,2020-03-01,30.0
WA,2020-03-02,34.0
WA,2020-03-03,58.0
WA,2020-03-04,76.0
WA,2020-03-05,97.0
WA,2020-03-06,150.0
WA,2020-03-07,182.0
WA,2020-03-08,249.0
WA,2020-03-09,349.0
WA,2020-03-10,397.0
WA,2020-03-11,481.0
WA,2020-03-12,551.0
WA,2020-03-13,702.0
WA,2020-03-14,806.0
WA,2020-03-15,939.0
WA,2020-03-16,1067.0
WA,2020-03-17,1240.0
WA,2020-03-18,1414.0
WA,2020-03-19,1563.0
WA,2020-03-20,1804.0
WA,2020-03-21,2042.0
WA,2020-03-22,2284.0
WA,2020-03-23,2496.0
WA,2020-03-24,2877.0
WA,2020-03-25,3339.0
WA,2020-03-26,3822.0
WA,2020-03-27,4305.0
WA,2020-03-28,4737.0
WA,2020-03-29,5121.0
WA,2020-03-30,5589.0
WA,2020-03-31,6049.0
WA,2020-04-01,6540.0
WA,2020-04-02,6893.0
WA,2020-04-03,7424.0
WA,2020-04-04,7792.0
WA,2020-04-05,8181.0
WA,2020-04-06,8523.0
WA,2020-04-07,8859.0
WA,2020-04-08,9214.0
WA,2020-04-09,9492.0
WA,2020-04-10,9941.0
WA,2020-04-11,10162.0
WA,2020-04-12,10398.0
WA,2020-04-13,10587.0
WA,2020-04-14,10789.0
WA,2020-04-15,11100.0
WA,2020-04-16,11343.0
WA,2020-04-17,11673.0
WA,2020-04-18,11887.0
WA,2020-04-19,12146.0
WA,2020-04-20,12346.0
WA,2020-04-21,12550.0
WA,2020-04-22,12785.0
WA,2020-04-23,12995.0
WA,2020-04-24,13297.0
WA,2020-04-25,13521.0
WA,2020-04-26,13521.0
WA,2020-04-27,13521.0
WA,2020-04-28,13686.0
WI,2020-03-04,1.0
WI,2020-03-05,1.0
WI,2020-03-06,1.0
WI,2020-03-07,1.0
WI,2020-03-08,1.0
WI,2020-03-09,1.0
WI,2020-03-10,2.0
WI,2020-03-11,3.0
WI,2020-03-12,8.0
WI,2020-03-13,19.0
WI,2020-03-14,19.0
WI,2020-03-15,33.0
WI,2020-03-16,47.0
WI,2020-03-17,72.0
WI,2020-03-18,106.0
WI,2020-03-19,155.0
WI,2020-03-20,206.0
WI,2020-03-21,281.0
WI,2020-03-22,385.0
WI,2020-03-23,416.0
WI,2020-03-24,457.0
WI,2020-03-25,585.0
WI,2020-03-26,707.0
WI,2020-03-27,842.0
WI,2020-03-28,989.0
WI,2020-03-29,1112.0
WI,2020-03-30,1221.0
WI,2020-03-31,1351.0
WI,2020-04-01,1550.0
WI,2020-04-02,1730.0
WI,2020-04-03,1912.0
WI,2020-04-04,2112.0
WI,2020-04-05,2267.0
WI,2020-04-06,2440.0
WI,2020-04-07,2578.0
WI,2020-04-08,2756.0
WI,2020-04-09,2885.0
WI,2020-04-10,3068.0
WI,2020-04-11,3213.0
WI,2020-04-12,3341.0
WI,2020-04-13,3428.0
WI,2020-04-14,3555.0
WI,2020-04-15,3721.0
WI,2020-04-16,3875.0
WI,2020-04-17,4045.0
WI,2020-04-18,4199.0
WI,2020-04-19,4346.0
WI,2020-04-20,4499.0
WI,2020-04-21,4620.0
WI,2020-04-22,4845.0
WI,2020-04-23,5052.0
WI,2020-04-24,5356.0
WI,2020-04-25,5687.0
WI,2020-04-26,5911.0
WI,2020-04-27,6081.0
WI,2020-04-28,6289.0
WV,2020-03-06,0.0
WV,2020-03-07,0.0
WV,2020-03-08,0.0
WV,2020-03-09,0.0
WV,2020-03-10,0.0
WV,2020-03-11,0.0
WV,2020-03-12,0.0
WV,2020-03-13,0.0
WV,2020-03-14,0.0
WV,2020-03-15,0.0
WV,2020-03-16,0.0
WV,2020-03-17,0.0
WV,2020-03-18,1.0
WV,2020-03-19,2.0
WV,2020-03-20,7.0
WV,2020-03-21,11.0
WV,2020-03-22,12.0
WV,2020-03-23,16.0
WV,2020-03-24,20.0
WV,2020-03-25,39.0
WV,2020-03-26,51.0
WV,2020-03-27,76.0
WV,2020-03-28,96.0
WV,2020-03-29,113.0
WV,2020-03-30,126.0
WV,2020-03-31,162.0
WV,2020-04-01,191.0
WV,2020-04-02,217.0
WV,2020-04-03,237.0
WV,2020-04-04,282.0
WV,2020-04-05,324.0
WV,2020-04-06,345.0
WV,2020-04-07,412.0
WV,2020-04-08,462.0
WV,2020-04-09,523.0
WV,2020-04-10,554.0
WV,2020-04-11,577.0
WV,2020-04-12,611.0
WV,2020-04-13,626.0
WV,2020-04-14,640.0
WV,2020-04-15,702.0
WV,2020-04-16,739.0
WV,2020-04-17,754.0
WV,2020-04-18,785.0
WV,2020-04-19,863.0
WV,2020-04-20,902.0
WV,2020-04-21,914.0
WV,2020-04-22,939.0
WV,2020-04-23,967.0
WV,2020-04-24,988.0
WV,2020-04-25,1020.0
WV,2020-04-26,1044.0
WV,2020-04-27,1063.0
WV,2020-04-28,1079.0
WY,2020-03-07,0.0
WY,2020-03-08,0.0
WY,2020-03-09,0.0
WY,2020-03-10,0.0
WY,2020-03-11,0.0
WY,2020-03-12,1.0
WY,2020-03-13,1.0
WY,2020-03-14,2.0
WY,2020-03-15,3.0
WY,2020-03-16,3.0
WY,2020-03-17,10.0
WY,2020-03-18,15.0
WY,2020-03-19,18.0
WY,2020-03-20,19.0
WY,2020-03-21,23.0
WY,2020-03-22,24.0
WY,2020-03-23,26.0
WY,2020-03-24,29.0
WY,2020-03-25,44.0
WY,2020-03-26,53.0
WY,2020-03-27,70.0
WY,2020-03-28,82.0
WY,2020-03-29,86.0
WY,2020-03-30,94.0
WY,2020-03-31,109.0
WY,2020-04-01,130.0
WY,2020-04-02,150.0
WY,2020-04-03,162.0
WY,2020-04-04,187.0
WY,2020-04-05,197.0
WY,2020-04-06,210.0
WY,2020-04-07,216.0
WY,2020-04-08,221.0
WY,2020-04-09,230.0
WY,2020-04-10,253.0
WY,2020-04-11,261.0
WY,2020-04-12,261.0
WY,2020-04-13,275.0
WY,2020-04-14,275.0
WY,2020-04-15,287.0
WY,2020-04-16,296.0
WY,2020-04-17,296.0
WY,2020-04-18,305.0
WY,2020-04-19,309.0
WY,2020-04-20,313.0
WY,2020-04-21,320.0
WY,2020-04-22,322.0
WY,2020-04-23,326.0
WY,2020-04-24,349.0
WY,2020-04-25,349.0
WY,2020-04-26,362.0
WY,2020-04-27,370.0
WY,2020-04-28,389.0
